id,first_name,last_name,email,password,username,phone,status,points,course_id,cohort_id
36d1d133-2bc5-43c2-adcb-b6cfc3c727d0,Michelle,Flores,brian55@example.org,58ZAVwoI((,710b30bc-a91e-49b0-96b4-65e34a96e2f0,480-698-9696,deleted,11,3911c1a2-8af9-48ed-ae02-6bec7c14df75,f586d326-b3c1-4b11-8d5c-c76af99ae3a5
cc8862d1-8a1d-42e2-b3a8-9a8495ef7d43,Daniel,White,dana02@example.com,fxbW0sKl*A,e4113e52-0f68-4de7-82fa-0b2969ac4956,810.501.0885,deleted,59,3911c1a2-8af9-48ed-ae02-6bec7c14df75,14b46f80-e765-4db1-aa97-f4aab596f9ae
216b0908-2219-482b-9e22-866f6fe4556d,Madison,Wallace,bruce30@example.org,54yYCj%o)q,1a6b473a-6e97-4673-916d-fd8d3929cde1,+1-610-593-3665x18894,active,43,786d52d9-bacb-46bc-ba31-c976b3be7f27,916a3a28-377b-44db-bc7f-6a3ba62f9f19
581f73ad-5965-428c-aed4-5a0c29c36098,Brandy,Mccormick,omason@example.com,)xRGIAd2@8,bfd52468-2c54-48c0-a77e-c8b6ac613bb0,(943)565-3845x824,inactive,40,3911c1a2-8af9-48ed-ae02-6bec7c14df75,f586d326-b3c1-4b11-8d5c-c76af99ae3a5
694500c0-b993-4248-8dfa-a172345d878b,Karen,Adams,cynthia75@example.com,#ZeGlYpwn1,9d960fe5-5788-4b35-b77c-3f3cb1b7f478,(470)364-4109,suspended,66,7e709b77-413d-453a-9bfc-895b4620bd13,9c2e85a6-0b78-4a30-bef1-9ea3961375db
1650e709-5ca2-4349-ab7e-23d1fe49674d,Dana,Patterson,scole@example.net,U5MQQomq$U,e209939a-ecf4-48b5-b83b-869ae697961f,3247991602,active,23,786d52d9-bacb-46bc-ba31-c976b3be7f27,a4e80201-9c35-4b7b-9841-01be1744b2cf
83c8c5f6-19f3-40b4-9242-b63fff4ff847,Ryan,Gonzalez,mendozakristen@example.com,H$N2PGIg%#,d02e3107-5652-427e-b29d-f298b4f82820,642-956-9013x324,suspended,32,3911c1a2-8af9-48ed-ae02-6bec7c14df75,f4e26d72-5458-4337-be69-34e17f626363
a4889f41-097a-4215-bde8-c7f4d8c10972,Jessica,Parker,billy28@example.org,+60mJOZu)U,5b445851-8b9f-4ca9-a9f3-08f357ea4a2d,(519)888-7755,active,55,786d52d9-bacb-46bc-ba31-c976b3be7f27,a4e80201-9c35-4b7b-9841-01be1744b2cf
8d3976a3-f56c-4ab0-848e-2e25672ccf54,Brianna,Johnson,katherinejohnson@example.com,xf@W5Nf(nW,dff2c5b8-4441-4ff8-bf5d-ee3094063938,(457)745-7900,deleted,66,7e709b77-413d-453a-9bfc-895b4620bd13,9c2e85a6-0b78-4a30-bef1-9ea3961375db
36809d97-4253-4b9a-a535-8b94e6929b7e,Jodi,Collins,fgarcia@example.net,bB9uvYh!#C,b4aec6f2-44e2-4cea-aecc-9edb15fbccf9,507-302-8192x69116,deleted,35,786d52d9-bacb-46bc-ba31-c976b3be7f27,916a3a28-377b-44db-bc7f-6a3ba62f9f19
9710b987-3dd9-445e-86fb-b258337d0d21,Shane,Garcia,marquezlauren@example.org,#U6ErMnsg4,98760362-5ce9-44ee-8dbe-fc97a17c94ed,221-693-6605x676,inactive,65,7e709b77-413d-453a-9bfc-895b4620bd13,264d402f-08bd-4de9-8854-d5fdf9c608cc
bb07e2e9-0e34-433c-abe8-66252ae3570a,Erin,Hardin,woodsmaria@example.org,(tF7YiVn&C,9a45c1eb-8550-42b1-ac00-1808d16a0d5c,+1-600-751-9394x0604,suspended,49,3911c1a2-8af9-48ed-ae02-6bec7c14df75,f049c3d4-de78-4b15-9925-b4472cf547e1
0f0dfdb9-0ff4-4d45-82bc-6ee303a17b48,Christina,Vasquez,codyroberts@example.org,+jfIs40z8+,31167113-b880-4886-9e3e-fc0079ecc4fe,833-218-7791x60248,suspended,76,7e709b77-413d-453a-9bfc-895b4620bd13,264d402f-08bd-4de9-8854-d5fdf9c608cc
b790464d-7d67-47cf-a3f6-dc4a741e9ed9,Gabriel,Allen,gardneranna@example.net,jgu3@mBl#%,041391b8-ff1b-41a9-ae70-b0dc6ef967d1,8902478005,inactive,77,3911c1a2-8af9-48ed-ae02-6bec7c14df75,f049c3d4-de78-4b15-9925-b4472cf547e1
4e60664a-82d6-4988-afb4-5eaebd496278,Lisa,Rivera,crystal21@example.net,$1D!vq1rky,2604aa84-beba-4a42-9da0-f888c1034c17,529-833-1126x326,deleted,8,3911c1a2-8af9-48ed-ae02-6bec7c14df75,f049c3d4-de78-4b15-9925-b4472cf547e1
db97d31a-1f68-45c5-9aeb-2f7acca94ddb,Kerry,Johnson,jonathan59@example.net,k*0!eMW(Mw,a5ca91e4-e408-4ae8-9a4c-fe427cf7fcc5,989.330.1076x848,active,22,3911c1a2-8af9-48ed-ae02-6bec7c14df75,14b46f80-e765-4db1-aa97-f4aab596f9ae
7c3e3ffe-88fe-46bd-a4a1-b655e0ad9d60,Chad,Franco,erin71@example.com,2r4R4DlaW@,ce9856a6-7c37-4379-a16c-a6ebe80c7d7e,853-370-5437x4669,active,68,7e709b77-413d-453a-9bfc-895b4620bd13,20049e03-57b0-490b-9199-52b1c1f55717
c5052c82-22be-4fcb-98e7-20fbf8708441,Aaron,Stewart,simonsean@example.org,w3b0$C8G_M,78e8f891-325f-4b1f-b321-394b28559be8,001-340-598-8949x2272,inactive,2,7e709b77-413d-453a-9bfc-895b4620bd13,9c2e85a6-0b78-4a30-bef1-9ea3961375db
95b609ac-2287-4967-88cf-b1a076e77dc2,Brian,Jackson,millsjody@example.org,%t_9vSoQ8J,d48df92f-bace-4099-b1b9-cbc222a9a293,(742)724-9858x4304,inactive,60,786d52d9-bacb-46bc-ba31-c976b3be7f27,a4e80201-9c35-4b7b-9841-01be1744b2cf
5e9a5a4e-9200-4585-96c5-dfad37f1a087,Dawn,Aguilar,kimberly26@example.net,A@Gpr1k(WL,ca66c9ed-3422-4174-b1e6-90ac1dfa3825,001-872-996-9089x0884,suspended,67,786d52d9-bacb-46bc-ba31-c976b3be7f27,025b7636-74a7-4ab0-a281-c0a9a53c9e24
6d5e4d43-8743-4a7c-a9ff-e74d538dc7db,Lacey,Thompson,lijessica@example.net,(*S*5iOt8d,a19d8c94-61d0-4cd3-819e-671bc45e7db2,3886830525,deleted,69,7e709b77-413d-453a-9bfc-895b4620bd13,6ac52e89-3e16-4a78-9dc9-52802ca4fe11
4abdb85f-d5dc-4618-bc68-defb2cb3f7a7,Maria,Riley,michael08@example.com,)pjpPZsbW8,38f3dc6c-513e-4996-bb5d-93a123fcd8e9,321-554-4888x30876,suspended,26,3911c1a2-8af9-48ed-ae02-6bec7c14df75,f586d326-b3c1-4b11-8d5c-c76af99ae3a5
610d8148-ca7c-40cf-8b58-22336481c2c8,Diane,Hill,beth06@example.org,&)56P6dDge,031b3d26-0e30-4219-8c7d-4a77d7fdb4ec,+1-207-202-1453x9590,deleted,69,3911c1a2-8af9-48ed-ae02-6bec7c14df75,d332d0ed-050a-4b22-bb52-336d1d9ae07d
8e55a512-9f34-4064-a0d8-591a350c9f2d,Rebecca,Walker,washingtonbrenda@example.org,)R#m3RYaU0,96326b88-f29a-468a-8b58-4ec231379373,001-809-500-7647x8442,active,3,3911c1a2-8af9-48ed-ae02-6bec7c14df75,14b46f80-e765-4db1-aa97-f4aab596f9ae
e1840915-12cf-4c78-bf7a-3891b2fdd480,Tracy,Hurst,stevenmoon@example.net,*GRSCxUK7N,f2bfe2ad-7d01-4a73-a911-b897287f2d00,554.557.0543,suspended,37,7e709b77-413d-453a-9bfc-895b4620bd13,20049e03-57b0-490b-9199-52b1c1f55717
294960c9-08c7-422b-bdd7-a3191be42730,Julia,Mitchell,andrewsmith@example.com,)qfcR^lk!7,216fe0bd-b89b-4b0c-8854-234cfdd20cc4,(205)363-1808x1217,active,29,3911c1a2-8af9-48ed-ae02-6bec7c14df75,f586d326-b3c1-4b11-8d5c-c76af99ae3a5
87d0e9de-dc0e-4f34-b85e-bb9aed884c5f,Alexis,Jenkins,youngkarl@example.com,#FW@LrKZq0,4ceaf68a-d9c8-45a0-89da-a3a3592f3add,772-861-0403x705,deleted,83,3911c1a2-8af9-48ed-ae02-6bec7c14df75,d332d0ed-050a-4b22-bb52-336d1d9ae07d
a19cb696-1aab-42db-a9a2-e832319bc92f,Meredith,Walsh,trankimberly@example.org,w#r065PmI0,28b8d1d7-09d2-4af2-9f7b-05a92afb753e,612-369-0652,suspended,14,7e709b77-413d-453a-9bfc-895b4620bd13,9c2e85a6-0b78-4a30-bef1-9ea3961375db
4fec5367-5ba7-41c5-9a3a-e82092ec75b7,Christopher,Brown,steven62@example.org,x@pU8yEG(4,b5c064f3-88ad-4701-a1ef-318c2556867e,(400)728-2003x869,suspended,26,3911c1a2-8af9-48ed-ae02-6bec7c14df75,f586d326-b3c1-4b11-8d5c-c76af99ae3a5
ee0ee89d-d5ff-4136-9cce-5074bf4a635f,Doris,Reed,holmescharles@example.com,k*4S7ptU9b,69dbacf1-b5b2-474e-8f69-819cac3076ac,235-836-4542x74908,deleted,5,786d52d9-bacb-46bc-ba31-c976b3be7f27,43a255a3-dad8-4ed3-a966-20ffd858ce32
7d80f613-351c-40ad-b8b6-c67bc74a0e61,Ethan,Weeks,ubrown@example.net,tc2LOcYG@#,9aeb8733-5cc3-4596-9378-e4a63a4fe1ba,(976)971-8064,inactive,38,7e709b77-413d-453a-9bfc-895b4620bd13,9c2e85a6-0b78-4a30-bef1-9ea3961375db
dccfc2ae-e977-427c-9e50-13d985799713,Amanda,Smith,katelyn52@example.com,e+9eAT(jFv,61ac7545-8a7a-454e-b8e3-b1b3c3227228,6564962624,inactive,41,3911c1a2-8af9-48ed-ae02-6bec7c14df75,f049c3d4-de78-4b15-9925-b4472cf547e1
a7217078-9111-4034-884a-400d5c2e6d3b,Christine,Thomas,jonathan90@example.org,h3M_wpkM_U,37d0626f-7177-46e0-81ab-84ed6a0ad39c,663.856.6756x8804,inactive,48,3911c1a2-8af9-48ed-ae02-6bec7c14df75,f586d326-b3c1-4b11-8d5c-c76af99ae3a5
f486c262-eff2-4030-9c9d-e8ee030d553c,Gail,Owens,thicks@example.com,y2*VF0rw+y,23bc5e2b-0ead-4d39-8b36-24ffc81af3ef,001-631-628-5314x1214,suspended,63,786d52d9-bacb-46bc-ba31-c976b3be7f27,be5dfaf4-ab8b-4e1e-b9bb-f9086fe1fef5
27b14649-35d4-4f80-adf2-a392e590e674,Melissa,Caldwell,awallace@example.com,s2@N(FKy(B,8d052eba-61fc-4591-8fee-e5437752c1ea,964-695-1785x693,deleted,56,786d52d9-bacb-46bc-ba31-c976b3be7f27,a4e80201-9c35-4b7b-9841-01be1744b2cf
d9e9e816-4e5b-4269-92d3-908662becc1a,Kelly,Zuniga,sarahbeard@example.net,!2FHrc%vE2,5580b3d8-a28f-4409-b9d3-e42b49bde399,537.615.6225x0973,suspended,80,3911c1a2-8af9-48ed-ae02-6bec7c14df75,f4e26d72-5458-4337-be69-34e17f626363
b3832950-e0ec-47d5-8207-8226d50feade,Jennifer,Sutton,kellyjohnson@example.com,zd@dGRto*5,c607fc7b-dfdd-44fd-ad72-767e3a25faed,631.613.0122,deleted,57,7e709b77-413d-453a-9bfc-895b4620bd13,20049e03-57b0-490b-9199-52b1c1f55717
8687a0cc-49b0-4184-a7bb-656a7315eed5,Thomas,Prince,zyang@example.org,O&90K(ve$D,dcaf8de7-cc1f-4b53-ac30-327f283d3514,(840)510-5659x2672,active,36,786d52d9-bacb-46bc-ba31-c976b3be7f27,025b7636-74a7-4ab0-a281-c0a9a53c9e24
295d40ca-2b69-47d1-bdeb-3c1d93b4258e,Jessica,Davis,kcox@example.org,&%lj^8FL3x,c89d4662-5663-43f0-ba12-5cf56df66abb,636-238-5892x929,active,22,3911c1a2-8af9-48ed-ae02-6bec7c14df75,f049c3d4-de78-4b15-9925-b4472cf547e1
b3ddc547-a30d-42af-a9ad-38c503d6db0a,David,Kennedy,sancheznichole@example.org,@7CPb!8%ky,f0821783-1089-4cf9-87d1-58983d3cc70a,(778)725-1993x8079,suspended,77,786d52d9-bacb-46bc-ba31-c976b3be7f27,a4e80201-9c35-4b7b-9841-01be1744b2cf
c072a58c-0612-4fe3-af53-9eaa3b658562,Erin,Myers,parkssteven@example.net,#MFWny%N34,9c3a3e99-64bf-456e-9e91-b47cc1949e7e,001-783-802-2504x83674,suspended,88,786d52d9-bacb-46bc-ba31-c976b3be7f27,43a255a3-dad8-4ed3-a966-20ffd858ce32
938f36ed-cdc2-4b6a-93c1-610667130a02,James,Rodriguez,daniel28@example.com,l6KA7xYn&M,13920e98-f259-45c9-9728-7e3696da8466,623-990-0577x4515,suspended,59,786d52d9-bacb-46bc-ba31-c976b3be7f27,be5dfaf4-ab8b-4e1e-b9bb-f9086fe1fef5
342b3e0b-6641-49c8-90da-adc27f1ce8e2,Alice,Lane,deborah25@example.com,%9hRZPv_(B,7d94eedb-8597-4b35-a41d-b9a666d2b51e,001-340-643-2504,active,31,3911c1a2-8af9-48ed-ae02-6bec7c14df75,f4e26d72-5458-4337-be69-34e17f626363
e6e8e3ea-4751-41e1-8383-d44f85e809f3,Nicholas,Sanchez,albertmanning@example.org,$E!ZrResB4,b85bda11-eafa-487b-bf8c-43a026dea205,2034425231,deleted,75,3911c1a2-8af9-48ed-ae02-6bec7c14df75,d332d0ed-050a-4b22-bb52-336d1d9ae07d
4cf4b346-bb89-4633-a1a6-993331c7183b,David,Morales,lterrell@example.com,&#Dy66QyQn,4b3534ab-6efc-4ec5-bdc9-2a1c1bdcd0f2,(727)474-0315x259,active,5,3911c1a2-8af9-48ed-ae02-6bec7c14df75,f049c3d4-de78-4b15-9925-b4472cf547e1
6de08fec-9828-4978-8f20-8f2f2b613279,Andrew,Sheppard,jacobgordon@example.net,thV4FvGg(w,b8515bd5-dd5f-4cdf-a2d5-f1057ab79602,446-473-3930x38117,active,9,3911c1a2-8af9-48ed-ae02-6bec7c14df75,f4e26d72-5458-4337-be69-34e17f626363
52d60356-985d-4bc3-b280-91bed669ea79,Yolanda,Wilson,hherrera@example.org,JFk6SStEW%,f343ea28-46da-446d-90db-5c4d55fa8788,581-975-9673x14685,deleted,82,3911c1a2-8af9-48ed-ae02-6bec7c14df75,14b46f80-e765-4db1-aa97-f4aab596f9ae
3c0651fd-b9d4-4b37-949c-3bafc6907b19,Jaime,Wallace,morgan02@example.org,x@QLOC%w^2,df0565b8-1cba-477f-8bd1-d771f7578e18,001-429-309-6703x8728,suspended,71,786d52d9-bacb-46bc-ba31-c976b3be7f27,025b7636-74a7-4ab0-a281-c0a9a53c9e24
a8d463b2-501e-4781-8937-a58d60a11e38,Dakota,Franklin,shawrobin@example.net,+u3C28axdE,faefa4ba-4829-46c1-9563-a60bbbaa68fc,687-382-3401x65439,suspended,85,7e709b77-413d-453a-9bfc-895b4620bd13,f22bb306-8421-4f8a-8ae8-ae6048ff032d
e5a6f23b-1396-4cb2-86a3-56e2542c6025,Jay,Jackson,jeffreyrobinson@example.net,(w96U@xdEc,84ce8025-4ded-4c31-af23-968ca6073fa5,+1-783-741-0863x84885,suspended,43,786d52d9-bacb-46bc-ba31-c976b3be7f27,be5dfaf4-ab8b-4e1e-b9bb-f9086fe1fef5
dcb41899-f537-4028-b151-82da6ca4cff4,Oscar,Martin,nicholasellis@example.com,l4ZoWWA8#5,dbc04764-c190-4ec0-b598-5030ba04ea85,+1-625-676-1939x776,suspended,17,786d52d9-bacb-46bc-ba31-c976b3be7f27,43a255a3-dad8-4ed3-a966-20ffd858ce32
ba9f41e7-e13b-4ff9-aee4-212caa23e206,John,Wood,jonathanbailey@example.org,6k#O*7ZsTt,aeb4fd29-0806-4d3e-83a2-71eca2125a40,741-309-5982x983,suspended,61,7e709b77-413d-453a-9bfc-895b4620bd13,f22bb306-8421-4f8a-8ae8-ae6048ff032d
ef966d7c-de25-4fb0-8e38-8f19b8de02ff,David,Gilbert,victoriaherrera@example.net,gN3DaLJ!+@,27f23e4d-0452-439b-a903-eaaa59951b73,+1-655-734-5105x857,deleted,52,3911c1a2-8af9-48ed-ae02-6bec7c14df75,f4e26d72-5458-4337-be69-34e17f626363
2a5799d3-ac65-4f50-bb00-c3c22b70496a,Amanda,Hobbs,brittanyallison@example.org,RFyT5BgX*M,2bc604ca-0beb-4aa2-827a-97c0b2d45c8c,+1-899-218-2988,deleted,82,3911c1a2-8af9-48ed-ae02-6bec7c14df75,14b46f80-e765-4db1-aa97-f4aab596f9ae
acb91dcf-3ef4-4539-a4a9-ab1d6166dfb8,Julie,Mills,warneryolanda@example.com,HjC6Mojs7!,3979a427-bd0a-4289-8182-5d1237e2bd1d,(689)847-7671,active,87,786d52d9-bacb-46bc-ba31-c976b3be7f27,916a3a28-377b-44db-bc7f-6a3ba62f9f19
71b60a7a-9e40-4836-9ee0-20026ff6fb41,Cassandra,Adkins,elizabeth24@example.net,!JM5Abf*+7,ffb933ba-42a1-4baf-9e3d-18d3a2e4a7dc,359.443.6777x615,active,44,7e709b77-413d-453a-9bfc-895b4620bd13,6ac52e89-3e16-4a78-9dc9-52802ca4fe11
4dc726e9-806e-4104-9e96-662181b0c5ab,Casey,Moore,zbrown@example.com,BI6WHnqt_#,fc7987a0-eb45-48d6-9934-ff9e9f29dadb,+1-389-233-0899x12355,deleted,52,3911c1a2-8af9-48ed-ae02-6bec7c14df75,f4e26d72-5458-4337-be69-34e17f626363
030df00c-3b43-411e-ae6c-68ebb096c181,Robin,Hogan,tinajordan@example.com,0TZzImt(+2,4ead1100-e217-475b-8b62-9b0efafbc77b,649.933.5675x641,suspended,57,786d52d9-bacb-46bc-ba31-c976b3be7f27,43a255a3-dad8-4ed3-a966-20ffd858ce32
60c5326e-7f4b-495c-b1f1-bc9f75c257f4,Kristopher,Mills,xmorris@example.org,9(Wtw)DA@p,9b7d0c35-6006-4322-982a-6e780ec98d29,001-922-938-3457x1558,deleted,26,7e709b77-413d-453a-9bfc-895b4620bd13,f22bb306-8421-4f8a-8ae8-ae6048ff032d
af8996ad-34cc-4b5b-aa10-1ab73478168b,Julie,Mcconnell,jimmylogan@example.net,!lzvX+Jta5,28ef97ba-6329-4ebf-9534-11a78f6660cf,001-945-541-1002x1204,suspended,88,786d52d9-bacb-46bc-ba31-c976b3be7f27,916a3a28-377b-44db-bc7f-6a3ba62f9f19
31dc77f9-ad66-465c-ba3e-8f172095f335,Alicia,Munoz,grogers@example.org,*R#l2Vde*j,8aec470b-513a-4112-aee7-612e87634dfd,001-408-826-9959,suspended,54,786d52d9-bacb-46bc-ba31-c976b3be7f27,025b7636-74a7-4ab0-a281-c0a9a53c9e24
e97af5cc-b220-415a-be5c-ee4d73be56a3,Amanda,Combs,paula16@example.org,jNDlLTWb%0,6bbcd1f6-d3bc-43bb-ab42-440ba427793c,+1-868-562-6321x9340,inactive,56,786d52d9-bacb-46bc-ba31-c976b3be7f27,916a3a28-377b-44db-bc7f-6a3ba62f9f19
cb347c2a-7325-4dc7-9c25-3b263d049887,Eric,Fox,nicholas26@example.com,V^6Mny6+_9,df1ab237-0041-4d4b-b7bb-fda20664c5d0,+1-414-741-8838,deleted,31,7e709b77-413d-453a-9bfc-895b4620bd13,f22bb306-8421-4f8a-8ae8-ae6048ff032d
33fad87b-1797-4a0e-b063-eb7224b8c75e,Angela,Hunt,jasonperry@example.com,f2TJrnfa$M,2551bcc7-cc08-418c-9043-ab01f455dbe6,+1-219-891-6526x7573,suspended,89,3911c1a2-8af9-48ed-ae02-6bec7c14df75,f4e26d72-5458-4337-be69-34e17f626363
44a736e1-a8b1-4bb9-bf72-436c077ddb78,Eric,Wood,amber72@example.org,(0E9kK6@zL,e256bdcb-1cc8-411d-91d5-ea65b907970f,(572)286-5747x39812,inactive,82,3911c1a2-8af9-48ed-ae02-6bec7c14df75,f049c3d4-de78-4b15-9925-b4472cf547e1
c8f1544f-400f-44e8-9278-69d055011aac,Brian,Jackson,benitezeugene@example.net,SwV5Waz1&8,26ad5299-d2e9-4bc2-a564-5ae2cbd0e3d5,8346460612,suspended,41,7e709b77-413d-453a-9bfc-895b4620bd13,9c2e85a6-0b78-4a30-bef1-9ea3961375db
5e648c5c-cea6-4f93-b10a-79faeb4fbe52,Jessica,Rogers,holtanthony@example.com,!2fM^_sjG3,27282261-fdca-4a5c-a79f-23aae8e9919c,365.883.1838,active,17,786d52d9-bacb-46bc-ba31-c976b3be7f27,a4e80201-9c35-4b7b-9841-01be1744b2cf
a47221ed-c545-436e-a3ca-f058aca72db3,Lauren,Johnson,jwatson@example.com,3%!56hCm3$,bd7aec06-90ae-4224-9146-2d807b36a787,(483)780-2024,active,84,7e709b77-413d-453a-9bfc-895b4620bd13,20049e03-57b0-490b-9199-52b1c1f55717
7f6fa147-5c4b-4030-ab01-2ef3e14d2c8d,Kara,Rowland,taylornicole@example.net,Ep8ZLa#ak!,2a1db91d-167d-4fce-afc4-2a84919fd5ad,982.315.0332x1779,active,79,3911c1a2-8af9-48ed-ae02-6bec7c14df75,f4e26d72-5458-4337-be69-34e17f626363
e29d1d73-1a9c-446c-85d7-5a342c958c67,Tiffany,Davenport,vwarren@example.org,!NXCN6_y8v,f1d747eb-1f97-4268-a0c1-e1509dbe5b96,381.274.6765x2438,suspended,34,7e709b77-413d-453a-9bfc-895b4620bd13,9c2e85a6-0b78-4a30-bef1-9ea3961375db
9fa3c147-494f-4c67-b2eb-495e41a1c8d2,Stacey,Garcia,larry16@example.org,+5cyFLxleR,3020e35a-8f86-4701-8b79-e06896ec4954,2387938582,deleted,41,3911c1a2-8af9-48ed-ae02-6bec7c14df75,14b46f80-e765-4db1-aa97-f4aab596f9ae
caeda26f-3bb5-4043-89d6-f7ab9c1d5f54,Kevin,Wiley,alexanderlee@example.net,3FJo4MjrO&,490df948-aa65-47bc-b12e-2ae711ded742,+1-280-492-1562x2788,deleted,59,7e709b77-413d-453a-9bfc-895b4620bd13,9c2e85a6-0b78-4a30-bef1-9ea3961375db
e942f452-b3c1-4edf-b335-757775ee19bf,Rita,Rogers,middletoncolin@example.net,U6*dPQss@#,d1446647-3711-4f2e-89ad-0d30f410dde4,697-671-9117x576,suspended,8,786d52d9-bacb-46bc-ba31-c976b3be7f27,43a255a3-dad8-4ed3-a966-20ffd858ce32
0e919760-6aab-4e02-947a-4db044bdc325,Mary,Wright,gjackson@example.net,%T*7Ikkkj@,7fc28c46-b51b-4b65-9140-3fbf22b3e494,2828311572,active,35,3911c1a2-8af9-48ed-ae02-6bec7c14df75,d332d0ed-050a-4b22-bb52-336d1d9ae07d
4e8d6cc9-54e8-40d9-bef8-9858ca366f88,Joshua,Brown,hannahromero@example.com,_6m4SRibOy,74cc3654-6504-4499-8401-a5e729748ad9,644-954-6324x6763,inactive,32,7e709b77-413d-453a-9bfc-895b4620bd13,264d402f-08bd-4de9-8854-d5fdf9c608cc
06a8f9dc-4c83-466f-934a-4e9d217f21a1,Charles,Young,cheryl25@example.net,1&m3AxqTu&,7ed670a7-3915-459e-9dec-c3ea74abf961,(507)402-1163,inactive,58,3911c1a2-8af9-48ed-ae02-6bec7c14df75,f4e26d72-5458-4337-be69-34e17f626363
4d1619f0-2caa-480b-97ed-60fb907afe7b,Jill,Garcia,chadmartin@example.net,%+XzUyI++6,29ca5442-9beb-468a-894b-2799cd051a1b,(593)337-9280,suspended,44,3911c1a2-8af9-48ed-ae02-6bec7c14df75,f4e26d72-5458-4337-be69-34e17f626363
35adb8b2-0c38-443a-a3b9-b7d00d25e811,Robert,Craig,ryan70@example.net,^4GvTj#isb,bc1ece17-05bc-4eb8-ae09-f7cac2578277,001-534-852-7415,active,88,7e709b77-413d-453a-9bfc-895b4620bd13,9c2e85a6-0b78-4a30-bef1-9ea3961375db
1a0f19cf-a29a-4460-945f-54d9a529bb2e,Felicia,Ray,debramontgomery@example.com,n!2SVv5ASn,5775b0dc-04f0-40d9-bc93-4edf78cf7826,787-347-7436,active,31,786d52d9-bacb-46bc-ba31-c976b3be7f27,be5dfaf4-ab8b-4e1e-b9bb-f9086fe1fef5
1a3e54c2-c466-431d-99d4-9638624b007e,Julie,Roach,robinsonralph@example.org,24NvUF7#$r,35c1dc49-e11d-4994-bb06-af5181abd652,966.435.9896x54895,deleted,26,7e709b77-413d-453a-9bfc-895b4620bd13,9c2e85a6-0b78-4a30-bef1-9ea3961375db
39125343-eb08-442d-bf07-c03db1ef53de,Jonathan,Johnson,smithdavid@example.net,$8eUrKRh+K,d9f417ef-bf8e-472b-83e0-dd81d621a400,787.428.6643x79521,deleted,48,3911c1a2-8af9-48ed-ae02-6bec7c14df75,f4e26d72-5458-4337-be69-34e17f626363
9e5d9d3c-a7e1-4dc3-8291-1681e737c9cb,Michelle,White,rebecca05@example.net,#Pafq2NqeS,bfc41a2f-0e17-4ace-96a0-f05924b73408,630-453-1981x2281,deleted,87,7e709b77-413d-453a-9bfc-895b4620bd13,9c2e85a6-0b78-4a30-bef1-9ea3961375db
35b0bb8a-1c55-4b64-bd84-687fc9dc6f72,Christopher,Jackson,christina74@example.com,7O^D(q_a&4,e7c1fb46-2146-4271-82f3-833e13c3cc4f,706-885-8726x9698,suspended,86,3911c1a2-8af9-48ed-ae02-6bec7c14df75,f4e26d72-5458-4337-be69-34e17f626363
d1d5cfa0-f880-420e-8840-eb7fea971228,Lauren,Macias,farleyjames@example.com,Gh1W#DgKz_,717c2630-d244-4121-9659-73f070258920,+1-527-974-4791x0751,deleted,30,3911c1a2-8af9-48ed-ae02-6bec7c14df75,14b46f80-e765-4db1-aa97-f4aab596f9ae
3ea8a696-ea34-4553-8d62-d9ff01a691c7,Vanessa,Marshall,jacob26@example.org,jRU(2NdR6e,c65b52cf-8780-44e8-a1e0-62879946ecfc,001-559-617-4015,deleted,43,7e709b77-413d-453a-9bfc-895b4620bd13,6ac52e89-3e16-4a78-9dc9-52802ca4fe11
3e0ec347-c773-4783-bd95-ad5fdd377bc7,Kenneth,Hernandez,owilliams@example.org,t23G)HbH(a,2f8efca4-14de-4465-afe8-16e3fb89ede3,843.790.4534x368,suspended,31,3911c1a2-8af9-48ed-ae02-6bec7c14df75,f586d326-b3c1-4b11-8d5c-c76af99ae3a5
1ec119e6-7dbb-40d8-93dc-ccc221bca782,Scott,Booker,fgarcia@example.com,s23RC^4u%l,4279d5b1-afc0-4306-8997-648a8f794944,504-491-7464,active,46,786d52d9-bacb-46bc-ba31-c976b3be7f27,025b7636-74a7-4ab0-a281-c0a9a53c9e24
0bac6d9a-070a-4427-9362-736ff1b42f9e,Wendy,Orozco,smithjessica@example.net,T^6*05KjBP,8f4eadd9-3eb6-42fb-a42f-99ae8a574781,+1-210-840-7404x1249,suspended,32,7e709b77-413d-453a-9bfc-895b4620bd13,f22bb306-8421-4f8a-8ae8-ae6048ff032d
4223483d-84f4-4baa-9dd8-af64f18955a2,Jason,Williams,jgreen@example.org,!tR_T2iW9p,1da46cbd-09fe-4977-8c2c-f65fff0b5e9c,201-229-7773x2562,inactive,37,786d52d9-bacb-46bc-ba31-c976b3be7f27,916a3a28-377b-44db-bc7f-6a3ba62f9f19
14d4807c-3eff-49b8-8199-3df03ddcf4e5,Dana,Harvey,andersonpatricia@example.net,&b0)I%r@d#,acf7297c-5651-465d-a6dd-63b6f105ddfd,+1-524-276-4417x35341,suspended,87,7e709b77-413d-453a-9bfc-895b4620bd13,264d402f-08bd-4de9-8854-d5fdf9c608cc
d692aef9-88ae-45d6-a185-3c5e36c119a1,Christopher,Riley,boydmatthew@example.org,#77^W(ib_%,215ff437-e146-42cc-82a7-666fc1022a9f,857.240.6465,inactive,14,786d52d9-bacb-46bc-ba31-c976b3be7f27,916a3a28-377b-44db-bc7f-6a3ba62f9f19
2e6b68b0-b7d7-449a-9159-37b443847d98,Kelly,Sherman,phelpsjose@example.com,)Xx8PkwLGY,6e859c1f-7286-4a81-9103-ddbca77c9916,393-360-0459x744,active,48,786d52d9-bacb-46bc-ba31-c976b3be7f27,43a255a3-dad8-4ed3-a966-20ffd858ce32
12850a8e-8148-4ac2-b436-1997d73496f5,Michael,Horne,ucortez@example.net,h9Di3toZ$R,d4ddcdbe-9104-4532-afa2-e4601183a0e4,(732)995-2683x6712,active,41,786d52d9-bacb-46bc-ba31-c976b3be7f27,025b7636-74a7-4ab0-a281-c0a9a53c9e24
f4287c40-8fe8-40b9-9120-36a443b54fd6,Richard,Braun,bradyjeffrey@example.com,)bGeXGLe)7,15331af7-7ea8-47a0-b2a0-9939022d61ec,(771)501-9063,active,58,7e709b77-413d-453a-9bfc-895b4620bd13,264d402f-08bd-4de9-8854-d5fdf9c608cc
9840c6a9-e9cc-40b2-86b9-d65e8460ad2b,Mary,Zuniga,deborah93@example.org,^9jFjfbH68,b51c6b28-cf6d-463b-a493-7e44a21200e7,+1-209-390-0271x76579,active,63,3911c1a2-8af9-48ed-ae02-6bec7c14df75,f4e26d72-5458-4337-be69-34e17f626363
ec6fb208-0f47-41f9-9ad0-d114a0c4d432,Krystal,Everett,qreed@example.net,bQh7Mnq7&z,cd7bbbe3-e0d8-4a55-b639-43eb09b9ab07,599.805.0348x3626,deleted,80,7e709b77-413d-453a-9bfc-895b4620bd13,20049e03-57b0-490b-9199-52b1c1f55717
68918bcb-2c5b-43f9-afe5-10a8244350cf,Jennifer,Khan,aarondillon@example.net,(hp3)97d0A,9f26fb31-9d63-4166-b9d9-d367efeb3bd1,001-578-769-3814x590,active,12,3911c1a2-8af9-48ed-ae02-6bec7c14df75,f4e26d72-5458-4337-be69-34e17f626363
4ba3253c-b5e4-4d45-8777-4c22a8413362,Mitchell,Richardson,diazpatrick@example.org,CY6A)IKz&U,0236f294-9f03-483a-92fc-a201b19a8c35,889-371-7739x49107,active,12,3911c1a2-8af9-48ed-ae02-6bec7c14df75,14b46f80-e765-4db1-aa97-f4aab596f9ae
670af005-00f8-4c8b-9265-2b654fb6ec14,Annette,Taylor,alvarezjohn@example.com,Z9+16+Hd9),c254ee26-a37b-4832-96f1-2d82453114a2,446-961-9683,inactive,13,3911c1a2-8af9-48ed-ae02-6bec7c14df75,14b46f80-e765-4db1-aa97-f4aab596f9ae
beef553f-fdc0-46a6-83c0-a27ac59e23a4,Susan,Vega,jnicholson@example.com,fnFoGfTA)2,cc1be743-f51a-48d8-b3f6-e3166cc96813,001-253-946-1537x016,active,41,3911c1a2-8af9-48ed-ae02-6bec7c14df75,f049c3d4-de78-4b15-9925-b4472cf547e1
9b5cf457-8491-489f-ac39-0d9700894abf,Wesley,White,droberson@example.com,Yc)e&6Ka_Y,23531311-a39c-476c-9640-5d7c6bd9c85b,(426)226-5283x90124,active,38,786d52d9-bacb-46bc-ba31-c976b3be7f27,be5dfaf4-ab8b-4e1e-b9bb-f9086fe1fef5
1c5e438f-2f08-4f87-81c6-710bb0ab44f8,Brandy,Spencer,mileskathryn@example.org,^qUR%!uY!1,5e2df0ce-2638-443c-88e9-836495a0f421,(874)952-9819,inactive,60,786d52d9-bacb-46bc-ba31-c976b3be7f27,43a255a3-dad8-4ed3-a966-20ffd858ce32
73d71b19-cdb1-486a-9242-1c7539723c10,Jose,Owen,ilambert@example.com,%edqrEf0C8,a63bc19a-7d07-499b-8325-5995c8276ebe,001-449-283-4457x459,active,79,7e709b77-413d-453a-9bfc-895b4620bd13,6ac52e89-3e16-4a78-9dc9-52802ca4fe11
10de47e5-0d11-45f7-ab89-0fe6b263d2b9,Alexander,Roberson,john26@example.org,97#U_opc*e,bbb84a14-258e-4790-bd41-68ce6e48452a,+1-475-392-5963,deleted,19,3911c1a2-8af9-48ed-ae02-6bec7c14df75,f4e26d72-5458-4337-be69-34e17f626363
c8f9d868-4824-4cb8-97b3-8a51c39067a3,Lori,Jones,jgraham@example.org,(HV8wAr3fT,1761eba8-0d74-4ede-b2bb-82931c4bbfb3,300-766-7863x61600,active,3,7e709b77-413d-453a-9bfc-895b4620bd13,f22bb306-8421-4f8a-8ae8-ae6048ff032d
314392b9-d4d1-4b3b-b188-e6bfffb3e575,Erica,James,tbradford@example.org,$0HuxyFcQh,8b1d6964-db0b-4fd8-800f-bffcb412eda6,001-270-996-8409,suspended,19,7e709b77-413d-453a-9bfc-895b4620bd13,264d402f-08bd-4de9-8854-d5fdf9c608cc
3d943f2d-ea40-4897-bc48-6322949f1bcb,Kevin,Marquez,joannawilson@example.net,$fr8+Hg*@6,0989c706-d80c-41b8-9283-54f7722dc1f8,417.219.1843,deleted,80,786d52d9-bacb-46bc-ba31-c976b3be7f27,916a3a28-377b-44db-bc7f-6a3ba62f9f19
1f18c52a-1ab4-4401-8841-89f2912f40d9,Jay,Garcia,hhogan@example.net,!E1CtWtot2,a7d49d1f-fac7-4322-a38b-9a99390e13ef,696-716-0772x048,active,33,3911c1a2-8af9-48ed-ae02-6bec7c14df75,14b46f80-e765-4db1-aa97-f4aab596f9ae
84100c06-412c-484f-8570-fdbac192f072,Timothy,Moses,donnaellis@example.com,qa9M6V$1M),a85a4544-de28-41f6-a552-fb1e44a02369,995.451.8495x2749,suspended,32,3911c1a2-8af9-48ed-ae02-6bec7c14df75,f049c3d4-de78-4b15-9925-b4472cf547e1
7c9f5b72-02d5-4766-ab2c-bffa115e3c72,Cody,Smith,robinsondonna@example.com,+4x+rDbxUs,ac774141-8ccd-4762-8a0f-e19525f1c54f,+1-800-642-9823x7116,suspended,62,3911c1a2-8af9-48ed-ae02-6bec7c14df75,f049c3d4-de78-4b15-9925-b4472cf547e1
7a0cff14-e466-48e7-b66c-6feba3978b62,Chad,Smith,xjones@example.net,g6qvfmSZ&!,b45ea835-7abc-4d96-912c-05e97f1635a3,(975)693-4262,active,51,3911c1a2-8af9-48ed-ae02-6bec7c14df75,f586d326-b3c1-4b11-8d5c-c76af99ae3a5
c2ca3444-b378-4169-b20a-55735cce0e86,Elaine,Jackson,adamfox@example.com,v7VyU_cH&W,96406719-7715-4f33-9b2c-3403ca910329,773-394-4200,suspended,16,786d52d9-bacb-46bc-ba31-c976b3be7f27,025b7636-74a7-4ab0-a281-c0a9a53c9e24
1a33022a-07b5-4e26-880c-588de53258fe,Michael,Ramsey,marvinharvey@example.org,aAwF_C%4!6,fa50302b-1276-4e27-8b12-1f20fe129d3e,001-559-298-3797,deleted,25,7e709b77-413d-453a-9bfc-895b4620bd13,f22bb306-8421-4f8a-8ae8-ae6048ff032d
7f08dd1a-c2c1-4c31-b229-ad5f053592e2,Christian,Guzman,lauralopez@example.com,%93rsSwkP$,21e333b6-56d4-4786-86d4-da5c2367357f,423-952-5340,deleted,74,3911c1a2-8af9-48ed-ae02-6bec7c14df75,d332d0ed-050a-4b22-bb52-336d1d9ae07d
7bbf720c-e4af-49c3-a48a-ddbe82244dea,Catherine,Mays,paceelizabeth@example.org,4^XBp#E+$2,b3bee851-d7c9-4aa7-9215-7ce41b696b2f,215-719-7882x4818,suspended,12,786d52d9-bacb-46bc-ba31-c976b3be7f27,43a255a3-dad8-4ed3-a966-20ffd858ce32
12ef17e7-bfa6-49c1-af83-e6c5e3f6c60e,Amy,Edwards,bbarry@example.org,!1xvv7zaCj,1697eb57-587f-47b1-b348-ee45ee5539d0,682-524-3523x3922,deleted,40,3911c1a2-8af9-48ed-ae02-6bec7c14df75,d332d0ed-050a-4b22-bb52-336d1d9ae07d
24456a0c-7d8c-44a6-9dac-0171f25c9aea,Stephanie,Galloway,denise25@example.net,#8PLvzYmSX,dbe67dcc-6bbe-4d1a-a46d-1ce567523a79,(460)785-0946,inactive,19,7e709b77-413d-453a-9bfc-895b4620bd13,f22bb306-8421-4f8a-8ae8-ae6048ff032d
949b5774-d3ce-4848-9ae2-fe865c8475f7,Sherri,Hurley,lindsey04@example.net,+TD4DLoz4*,88b1bd3e-90b4-4e3f-8032-4307dad8f64e,001-814-967-9162x5073,inactive,6,786d52d9-bacb-46bc-ba31-c976b3be7f27,43a255a3-dad8-4ed3-a966-20ffd858ce32
5c16cc10-ee91-47d3-aaa9-947e2e529ad0,Eric,Lambert,james98@example.net,_08MZsRuOT,86810bd9-113c-41fe-a90d-679870c0b637,671-421-8183x64752,inactive,41,786d52d9-bacb-46bc-ba31-c976b3be7f27,025b7636-74a7-4ab0-a281-c0a9a53c9e24
8b5f6bae-0f5f-49b9-9c3f-9ed1b9559174,Laura,Casey,palmerjames@example.org,(8uFCCjaJv,ed1de6ec-7f51-4324-8c9a-74cac01f73fc,001-214-245-6275x32869,suspended,79,3911c1a2-8af9-48ed-ae02-6bec7c14df75,f4e26d72-5458-4337-be69-34e17f626363
b15eb61b-2277-4d6b-8e03-7ecbd5a01560,Stephanie,Garcia,tgray@example.org,Xb_S9pF$9(,71a0d79a-3cbb-446e-9519-88425d964a51,001-476-723-6864x3905,suspended,37,7e709b77-413d-453a-9bfc-895b4620bd13,f22bb306-8421-4f8a-8ae8-ae6048ff032d
8aafc694-1b64-459c-afef-206ed675a304,Heather,Ward,adrian05@example.org,%pI#wNNO8$,b733d75a-a430-409b-82d2-7155f60d0517,001-600-623-2232x82442,suspended,83,3911c1a2-8af9-48ed-ae02-6bec7c14df75,f049c3d4-de78-4b15-9925-b4472cf547e1
0fa912c6-ef39-4b11-9514-d0b383860cf0,Sarah,Clark,ymoore@example.com,)4*IYGnpr7,9a5847d2-6e1d-41e0-a3cb-14a7bb129f22,(794)966-6190x52003,deleted,71,786d52d9-bacb-46bc-ba31-c976b3be7f27,916a3a28-377b-44db-bc7f-6a3ba62f9f19
3140a467-702f-4f03-a1b6-1640dc0f10d1,Erin,Soto,fishertanner@example.net,13CZbf49%G,7229a691-7d4e-47fd-81c5-7ae0478db431,(663)965-2429,deleted,15,3911c1a2-8af9-48ed-ae02-6bec7c14df75,f586d326-b3c1-4b11-8d5c-c76af99ae3a5
55706fbe-7cae-4198-80b7-0c13ef8f22b6,Jackie,Wells,hharper@example.org,h#475Xm5w^,dcd5c699-8a41-4d58-9bd7-dd66c42223aa,488.333.6446,suspended,58,3911c1a2-8af9-48ed-ae02-6bec7c14df75,14b46f80-e765-4db1-aa97-f4aab596f9ae
4a5a6f99-f641-4322-9c99-f98a0c387a12,Daryl,Harris,amanda01@example.com,ami1GcXV6!,a65e09bd-4f26-4caf-b203-002c4a87a0b8,(400)202-8172x933,inactive,5,3911c1a2-8af9-48ed-ae02-6bec7c14df75,f049c3d4-de78-4b15-9925-b4472cf547e1
5b51cbc8-4b7b-4258-8cac-e8a4ce7311d9,Gary,Jones,nancy80@example.org,2KiW3XNr%$,fecacb84-b71c-46a6-8d75-06e3d6f4a909,645-979-6165x084,suspended,20,7e709b77-413d-453a-9bfc-895b4620bd13,9c2e85a6-0b78-4a30-bef1-9ea3961375db
0cbe3a77-fe39-4048-8b25-dae3c9c15209,Samantha,Guzman,patricia04@example.org,2%3MWJ#b45,49bf1858-3cd6-412b-90ce-75ec0a1157af,417.780.0247x9192,suspended,43,7e709b77-413d-453a-9bfc-895b4620bd13,264d402f-08bd-4de9-8854-d5fdf9c608cc
e8af93a3-f07c-4463-a867-f5453aa853c3,Stephanie,Wallace,yramirez@example.net,FVC)!K2e%3,3f7b0926-f2de-449a-b687-60ff878c6790,306-606-1793,inactive,33,3911c1a2-8af9-48ed-ae02-6bec7c14df75,f586d326-b3c1-4b11-8d5c-c76af99ae3a5
d1512002-0c9e-4c6d-97fd-4baad22c0717,Ross,Murray,bperez@example.org,%VqN%)y39t,a512f5e1-63a9-4415-94f6-f9445abee8a9,(274)356-8543x6556,suspended,58,786d52d9-bacb-46bc-ba31-c976b3be7f27,be5dfaf4-ab8b-4e1e-b9bb-f9086fe1fef5
cbf43d6e-59bb-440c-9f27-eb4c226d0af3,Jason,Hood,rodney85@example.net,_3E+8Qh4oY,8bfde272-093d-4aab-af7b-4bf58b476477,668.733.3901,suspended,71,3911c1a2-8af9-48ed-ae02-6bec7c14df75,d332d0ed-050a-4b22-bb52-336d1d9ae07d
9cdd7fa1-2120-4228-b2b9-e4d3e97fd959,Charles,Clark,johnheath@example.net,)0YNV6usNJ,4661c346-1267-48ad-acc6-c7ce02ba750d,7725370769,inactive,27,786d52d9-bacb-46bc-ba31-c976b3be7f27,43a255a3-dad8-4ed3-a966-20ffd858ce32
358791bb-c899-40cf-87ac-13095221348f,Lori,Horton,lambertperry@example.com,&ke9QXelT&,5e0ca7be-d9d2-47dd-8c1a-cfd2a3591cb1,+1-497-305-2649x140,inactive,89,786d52d9-bacb-46bc-ba31-c976b3be7f27,025b7636-74a7-4ab0-a281-c0a9a53c9e24
a55a294e-f217-4d79-acfd-9ee202c733f7,Amy,Jackson,mdelgado@example.com,!jY1Oi&ZxA,61335149-d7a0-49cc-b413-b1c0c49e9563,001-499-858-6508x871,deleted,67,7e709b77-413d-453a-9bfc-895b4620bd13,6ac52e89-3e16-4a78-9dc9-52802ca4fe11
4fb816ec-8d1e-4699-81b5-dfd649cdf3cf,Shelby,Cox,gabriel03@example.com,YbgPN38g_9,66b50c29-0de4-425c-b0e6-d72fefb3bf28,7233145905,active,66,786d52d9-bacb-46bc-ba31-c976b3be7f27,be5dfaf4-ab8b-4e1e-b9bb-f9086fe1fef5
f9381ef9-8488-435b-a285-cef861c13a08,Mitchell,Gamble,michael67@example.org,*#r(%9JjGC,0cc409ee-fb33-48d2-bc65-003bb5909cf2,(854)202-4671,suspended,52,3911c1a2-8af9-48ed-ae02-6bec7c14df75,f049c3d4-de78-4b15-9925-b4472cf547e1
d7f955d2-1495-4442-a3ed-7724ccf51899,Kevin,Boyd,smithbrittany@example.com,u@51R2jypa,a6705c83-6303-430d-9a6b-3497265d1189,971.664.6974x20451,inactive,31,7e709b77-413d-453a-9bfc-895b4620bd13,264d402f-08bd-4de9-8854-d5fdf9c608cc
718ad31c-3c51-4af3-a17e-33241bf4e27c,Kelli,Romero,jenningsdonald@example.org,gjU0VquO!3,6a8d3b91-3f5b-4a1f-b381-405b076b26dd,(382)809-3268,inactive,29,3911c1a2-8af9-48ed-ae02-6bec7c14df75,f4e26d72-5458-4337-be69-34e17f626363
be38e294-dd6a-45d3-895f-0834c97f59c9,Corey,Perez,bethgibbs@example.com,mw4EIQ&ph_,97f5e000-f001-467f-947b-f921b7cc14e0,001-992-869-3065x8785,active,4,7e709b77-413d-453a-9bfc-895b4620bd13,264d402f-08bd-4de9-8854-d5fdf9c608cc
3c0fa44d-8e8b-4df1-8065-ac4a7b8ad68e,Amanda,Garcia,melanie64@example.com,@3Cw2BuhQu,78ab4013-3603-4586-bbcc-38256b0433c7,897-648-2208,inactive,80,786d52d9-bacb-46bc-ba31-c976b3be7f27,be5dfaf4-ab8b-4e1e-b9bb-f9086fe1fef5
afd45a2e-6dd4-4d26-8dff-9826235ebc17,Dylan,Williams,othomas@example.com,Yp7+IfYv)9,b7505d33-a9f3-4d7a-9591-7b5e50dc77e7,(847)935-4969x21677,inactive,90,786d52d9-bacb-46bc-ba31-c976b3be7f27,43a255a3-dad8-4ed3-a966-20ffd858ce32
b2c15a15-5bd5-407d-85fc-cee5b7b0ef21,Veronica,Thompson,edwardlee@example.com,_5CN2f3v#5,1706e037-1f41-4a49-a389-711d5344de51,629-839-4683x4788,active,77,786d52d9-bacb-46bc-ba31-c976b3be7f27,916a3a28-377b-44db-bc7f-6a3ba62f9f19
6177a77b-cc4a-4451-b469-faf268f7bfce,Albert,Hansen,dustin69@example.com,u3^2NnmnQM,1b046333-0cbc-454c-9253-3f6909b6d0c5,780.316.2555,suspended,28,3911c1a2-8af9-48ed-ae02-6bec7c14df75,f049c3d4-de78-4b15-9925-b4472cf547e1
6fed0db9-e3ca-4bf3-8adc-7300bf0227ac,Stephanie,Ballard,daniellerose@example.net,&*ar93Fwe&,8958650b-8df4-44e5-8f1e-a4d87aca56d3,585-759-6717x423,deleted,7,7e709b77-413d-453a-9bfc-895b4620bd13,6ac52e89-3e16-4a78-9dc9-52802ca4fe11
980d8214-2ef2-479d-86d0-e20c172f8c36,Cassie,Carlson,robert07@example.com,%NFu@!Tv2A,02608c9f-68bd-491a-b474-614f8b13e0eb,458.427.3613,active,59,3911c1a2-8af9-48ed-ae02-6bec7c14df75,d332d0ed-050a-4b22-bb52-336d1d9ae07d
8789a0cf-7d0a-4b46-adbf-7223c67aacd5,Matthew,Gentry,townsendapril@example.net,2e7SHoWi2+,709fd9ca-da20-46fa-ab6b-92977efebb4d,646.462.3606x055,inactive,34,786d52d9-bacb-46bc-ba31-c976b3be7f27,be5dfaf4-ab8b-4e1e-b9bb-f9086fe1fef5
927c5406-9561-4d4f-9b28-ce28876dfda5,Nicole,Howe,vpadilla@example.com,Q3X6DoGaw#,bd0f6f6f-daf8-4960-b5d1-0d68b9eadbee,(900)980-6553x33684,suspended,31,786d52d9-bacb-46bc-ba31-c976b3be7f27,be5dfaf4-ab8b-4e1e-b9bb-f9086fe1fef5
0612d74f-b327-411e-91e2-16e40a44c704,Kristen,Curtis,ysoto@example.com,s1^45TiY$4,4b8dffd9-bdf7-4135-9637-bf38235be412,340.994.3451x957,inactive,54,3911c1a2-8af9-48ed-ae02-6bec7c14df75,f586d326-b3c1-4b11-8d5c-c76af99ae3a5
b6ebc63d-8c5c-41ac-b33c-1dd31b40f91e,Harold,Mason,lambertalexandra@example.com,bs_9Uvwvdi,e518100d-1456-4305-a451-44b98f808648,(240)584-4280,inactive,68,3911c1a2-8af9-48ed-ae02-6bec7c14df75,14b46f80-e765-4db1-aa97-f4aab596f9ae
03de107f-6214-4ab4-ab26-e151b4fa73ac,Brandon,Church,sandra52@example.org,hj8YMB(d)h,ce369571-cb07-4522-add7-114885b466b6,396.884.2143,deleted,47,786d52d9-bacb-46bc-ba31-c976b3be7f27,916a3a28-377b-44db-bc7f-6a3ba62f9f19
75f50b5f-86ab-4cb4-b666-ffdde2a59334,Mark,Hartman,jennifer59@example.net,xDzoT3GcV_,59566744-7b2e-4cb6-b7f2-3a609c533265,+1-981-722-2012x220,suspended,19,3911c1a2-8af9-48ed-ae02-6bec7c14df75,14b46f80-e765-4db1-aa97-f4aab596f9ae
cd017ce8-3dd3-4e32-bd47-7f532abd7f67,William,Robles,maryperkins@example.net,)P6^SRrozW,61809d35-fb01-498d-bd67-717b7bfa120e,281-303-0543,suspended,32,3911c1a2-8af9-48ed-ae02-6bec7c14df75,d332d0ed-050a-4b22-bb52-336d1d9ae07d
64f411d9-9e46-4c2d-ad92-57116525d1a4,Nathan,Martin,tiffany53@example.org,9&p3XOC0Vw,cdeb6dd5-a6bd-416c-af60-1ff060c7a7a9,269-677-8689,active,48,786d52d9-bacb-46bc-ba31-c976b3be7f27,43a255a3-dad8-4ed3-a966-20ffd858ce32
b5b9a566-1e97-4563-8b12-aa397d418494,Christina,Haynes,sharoncooper@example.com,%2RmZBI@eQ,fa20c293-b196-44e8-9908-1165ba47b308,+1-511-448-8657x51323,inactive,0,3911c1a2-8af9-48ed-ae02-6bec7c14df75,14b46f80-e765-4db1-aa97-f4aab596f9ae
b3e7447f-e115-4a5f-80c1-cf123f4b8db3,Andrea,Freeman,spencerlaura@example.com,)W1jDQjhNE,5d276600-658a-4285-9b4a-8cbfe4174b49,+1-244-532-9336x5606,suspended,36,786d52d9-bacb-46bc-ba31-c976b3be7f27,025b7636-74a7-4ab0-a281-c0a9a53c9e24
17c63303-bfc0-4255-b95e-1fc8e3cc5d40,Timothy,Bell,williamstroy@example.org,3+Z8BfIq_m,5626d2e6-2645-4d48-b5ba-a51d215db468,(674)209-6895x274,active,83,786d52d9-bacb-46bc-ba31-c976b3be7f27,43a255a3-dad8-4ed3-a966-20ffd858ce32
2f13b1d2-0f1a-4ffd-9635-575088c3b9a8,Jessica,Jones,sabrinabooker@example.net,r&h25LYxb$,c1d66f2a-5947-4c7a-a5d8-00432eff57b0,449.563.3376x83186,inactive,3,786d52d9-bacb-46bc-ba31-c976b3be7f27,025b7636-74a7-4ab0-a281-c0a9a53c9e24
63ad1d9f-a56c-4a75-9508-f1a79a94f5c3,Molly,Burch,brittanydyer@example.org,k0i*LPht@V,d9d87090-e330-482b-9903-01e528a75ebc,(329)212-0166,active,29,7e709b77-413d-453a-9bfc-895b4620bd13,20049e03-57b0-490b-9199-52b1c1f55717
f8487084-8aeb-43cd-8b89-540b314bf786,Mary,Molina,jasonlopez@example.org,VCTn3sCrn%,ac727203-0a1e-45a1-b11a-52c65d96c5ad,588.591.8841,active,31,3911c1a2-8af9-48ed-ae02-6bec7c14df75,f049c3d4-de78-4b15-9925-b4472cf547e1
3759739f-484d-44c2-94aa-33f1a7874ad2,Kristin,Davis,irodriguez@example.net,3)3RHFIioh,faa86b6c-69d3-4a69-bbb3-603a53945b41,(668)814-8267x304,inactive,81,7e709b77-413d-453a-9bfc-895b4620bd13,20049e03-57b0-490b-9199-52b1c1f55717
d6ccb9ac-a8c0-4b81-9ecb-9850f6c313d8,Alexandria,Rasmussen,lramirez@example.org,jCm1Ulnt%V,fc30ca5e-8cdc-4af3-9713-31df2979ad03,001-260-835-2674x833,suspended,25,786d52d9-bacb-46bc-ba31-c976b3be7f27,a4e80201-9c35-4b7b-9841-01be1744b2cf
15dff4e3-429a-416e-b140-c9323b3cab2a,Robert,Morgan,rhanson@example.org,e4)2FdtZ5V,74cab8c8-3d71-4577-a8d3-53ebb8f4e09c,(201)531-6436x26877,inactive,61,3911c1a2-8af9-48ed-ae02-6bec7c14df75,d332d0ed-050a-4b22-bb52-336d1d9ae07d
17adca5f-3d9f-44d7-a01f-f850fdcf6d1d,Jordan,Moreno,lmyers@example.net,#deAL1Ij$3,af3a712e-7c93-46c1-b2a8-7f1f03a49047,245.946.0441x8401,inactive,0,7e709b77-413d-453a-9bfc-895b4620bd13,f22bb306-8421-4f8a-8ae8-ae6048ff032d
886d6bdb-63a9-4fc4-803e-1a6e27121c85,Lisa,Woods,millerannette@example.org,VC5ZaV*g(H,23b38e74-393b-470f-8e3d-1cf8bb8e1953,922-883-6838x0458,suspended,77,7e709b77-413d-453a-9bfc-895b4620bd13,264d402f-08bd-4de9-8854-d5fdf9c608cc
9bd97b90-cde1-48ba-9a94-7665e2cb1cac,John,White,carterkristin@example.net,b3JogxqU+(,9093378b-72ed-4647-9609-2f9a61b33368,001-901-343-5412x12156,inactive,43,3911c1a2-8af9-48ed-ae02-6bec7c14df75,f586d326-b3c1-4b11-8d5c-c76af99ae3a5
cac7fce2-3167-4d2a-b5e8-ad96aedce14a,Sarah,Johnson,benitezjill@example.com,C%kTi0XzgU,a5e0a789-f808-4a68-919d-e0a1b6cfc9cb,344.667.4228x6758,suspended,4,3911c1a2-8af9-48ed-ae02-6bec7c14df75,d332d0ed-050a-4b22-bb52-336d1d9ae07d
ee1c50f5-97ca-494b-8336-069c0745d913,Maria,Hayes,joseph52@example.org,x&8Bmt6Osj,6fd2240d-1011-4b6c-bcad-6264c0f152f5,635-376-0512x790,suspended,14,7e709b77-413d-453a-9bfc-895b4620bd13,9c2e85a6-0b78-4a30-bef1-9ea3961375db
6b0b954c-d8b8-476a-a398-087d3bd46f18,Anthony,Harrison,vholt@example.org,*y3NGnrkJ!,de175152-126a-4307-8519-2981aca01c0e,(210)644-6207,deleted,55,786d52d9-bacb-46bc-ba31-c976b3be7f27,be5dfaf4-ab8b-4e1e-b9bb-f9086fe1fef5
5ddaa019-0e9e-43f4-a815-49ae45e4b8a5,Jay,Hughes,rking@example.org,$*339sP0nr,13ee706a-c8b5-4f69-8358-9cd746447cf3,(426)896-9966x4972,inactive,40,3911c1a2-8af9-48ed-ae02-6bec7c14df75,f049c3d4-de78-4b15-9925-b4472cf547e1
3b21e741-b18e-4955-94ca-aba280205308,Timothy,Haas,jquinn@example.com,&9CSgU^s6k,2c38bd79-674e-4d44-92fb-0a114cd65163,+1-453-987-5928,active,55,3911c1a2-8af9-48ed-ae02-6bec7c14df75,14b46f80-e765-4db1-aa97-f4aab596f9ae
a5e19ad0-09c9-4142-b7fc-95441e0c5399,Kylie,Maldonado,pattersonbeth@example.com,#SmOCSybo8,e25882a1-5dff-47f8-bc9c-c228d942d3ff,994-785-5952x41168,active,81,786d52d9-bacb-46bc-ba31-c976b3be7f27,025b7636-74a7-4ab0-a281-c0a9a53c9e24
6ad63233-71ce-4d0f-b602-953050d77cf6,John,Perry,belllarry@example.org,t4*(0$IdBD,93aee134-b785-446a-83d6-807d0ea8b20d,2489544051,active,87,7e709b77-413d-453a-9bfc-895b4620bd13,20049e03-57b0-490b-9199-52b1c1f55717
1beeda40-d491-4f8a-8c24-45a6b6923491,Sara,Fox,burtonmadison@example.org,M!uRM5Yu@#,7dd4aa57-de95-4460-a794-5a1e1d784905,5926991453,active,38,786d52d9-bacb-46bc-ba31-c976b3be7f27,025b7636-74a7-4ab0-a281-c0a9a53c9e24
d1eb5e7b-1547-45f3-95b4-80dc27338164,Marvin,Wright,aaron88@example.org,h+*7fDsp&v,13c06ef6-04f9-41b5-a1a0-9e498d778476,753-922-7734x501,active,37,786d52d9-bacb-46bc-ba31-c976b3be7f27,be5dfaf4-ab8b-4e1e-b9bb-f9086fe1fef5
733e7abc-32db-49e0-a6bf-c68010cd7b06,Harry,Roberts,rachel18@example.org,!6U7YRii$X,5c62bc17-4555-4bac-a8db-ea402770404e,2198174158,suspended,65,7e709b77-413d-453a-9bfc-895b4620bd13,9c2e85a6-0b78-4a30-bef1-9ea3961375db
a76966e0-4ddf-43fc-95e2-a6521f87221b,Joseph,Garrett,kristinahampton@example.com,H+yK34FrjI,54d39aae-bab4-41fc-b5da-b99784f6988c,+1-727-423-6504x36258,active,41,7e709b77-413d-453a-9bfc-895b4620bd13,264d402f-08bd-4de9-8854-d5fdf9c608cc
51fcbd01-1dc3-4ace-bcec-d71a47aa48fe,Darren,Francis,ybenitez@example.com,(pf16EOqHg,c7cfaca6-bc3d-4c18-ae6c-0599c945800f,786-211-5172x5355,deleted,12,7e709b77-413d-453a-9bfc-895b4620bd13,f22bb306-8421-4f8a-8ae8-ae6048ff032d
cf288ed2-a1a2-4023-8a19-9ceb992031d9,Jamie,Lyons,aguilarmelissa@example.com,)v0yVsk!Rw,14190ac6-c6d4-44a1-8cca-5b2b6d1e0151,(680)241-9934x904,inactive,46,3911c1a2-8af9-48ed-ae02-6bec7c14df75,d332d0ed-050a-4b22-bb52-336d1d9ae07d
37e658a2-65d4-4ecb-b298-11dda6fc2d0b,Barry,Farmer,garciajoseph@example.org,B48QJzpt&I,69e0ddfc-048e-472f-831e-e013e9a4ef9d,(820)208-9894x0677,deleted,54,7e709b77-413d-453a-9bfc-895b4620bd13,264d402f-08bd-4de9-8854-d5fdf9c608cc
30179a0e-ed95-43b2-b5f9-a2d20a3eb921,Randall,Parker,jeffreywilliams@example.net,ds1YVbd5_4,2214eb2b-b5a2-4cdf-a387-8e7811f0d086,(964)400-8269x148,active,9,7e709b77-413d-453a-9bfc-895b4620bd13,20049e03-57b0-490b-9199-52b1c1f55717
725bee62-f368-484e-af79-8937b3201a3b,Adam,Gallagher,vduffy@example.net,$rfvCtM279,e0769b16-5a2b-49d8-a976-aa1bdd619d01,(423)796-8680,inactive,40,7e709b77-413d-453a-9bfc-895b4620bd13,9c2e85a6-0b78-4a30-bef1-9ea3961375db
ce191587-acac-4a48-8528-5fa1160c2336,Erik,Webb,ramoskevin@example.net,@gE6G0rxNd,78eac092-a661-4c7b-a193-70f70f651f10,001-454-803-5866x039,suspended,31,7e709b77-413d-453a-9bfc-895b4620bd13,20049e03-57b0-490b-9199-52b1c1f55717
4fee5494-3e2e-4661-ab00-dc26ac893a7c,Michelle,Morales,oparsons@example.com,!iR7IM*qqD,c316f99e-4a77-4398-af73-569b99b5a9b8,897.907.5253x12320,suspended,77,786d52d9-bacb-46bc-ba31-c976b3be7f27,a4e80201-9c35-4b7b-9841-01be1744b2cf
fb0fa23d-70c5-4755-a0d1-c43bb81db82a,Chloe,Smith,ncasey@example.org,&4HyFJ0fyB,5b65f41d-e063-49c9-8745-69b0d158c8eb,(923)787-7725x412,deleted,46,3911c1a2-8af9-48ed-ae02-6bec7c14df75,f049c3d4-de78-4b15-9925-b4472cf547e1
b8cdb2eb-d1df-4154-a8cd-60e77a4387ba,Molly,Keith,rebecca09@example.com,CV1GrUacT+,8e0f51d3-15e8-408d-b707-d6f417ea7559,001-321-874-1344x517,inactive,0,3911c1a2-8af9-48ed-ae02-6bec7c14df75,f4e26d72-5458-4337-be69-34e17f626363
c70442cf-f14a-43de-bbe1-abbfbee0d0ec,Lisa,Johnson,veronicagreen@example.org,!%_Crtrn8i,a59ffe3a-133e-44ed-9f2f-307ef94b7021,+1-804-240-1575x399,active,45,7e709b77-413d-453a-9bfc-895b4620bd13,9c2e85a6-0b78-4a30-bef1-9ea3961375db
4e7b72e4-0ffc-4b10-a2de-5b4a20115f2d,Cynthia,Foster,kingjennifer@example.com,5I$!0MvWa6,1fe51157-e85e-46b2-9343-1b3dfec9ac6c,562-203-6964x9333,suspended,70,786d52d9-bacb-46bc-ba31-c976b3be7f27,43a255a3-dad8-4ed3-a966-20ffd858ce32
53166590-1384-4d68-b761-9083c41aba42,Michael,Gillespie,zmorales@example.org,(SbCfvpE!0,6c046eb2-de8e-409d-a4fa-d8548175d744,+1-346-212-7345x8879,active,72,7e709b77-413d-453a-9bfc-895b4620bd13,9c2e85a6-0b78-4a30-bef1-9ea3961375db
326607d7-c570-4374-a347-9462a26551dd,Robert,Mcintosh,ucannon@example.org,_1G4VEk$Ho,33372e08-703e-4e95-b5f2-54ff005646b4,(370)434-8710x1889,suspended,43,7e709b77-413d-453a-9bfc-895b4620bd13,264d402f-08bd-4de9-8854-d5fdf9c608cc
1f5d9077-8f16-4538-adce-e27a1661e778,Angela,Evans,victoriacameron@example.net,$@2jT2iKc2,f4fd98f1-d307-4739-8796-f766ef805a41,(951)565-2698,active,80,786d52d9-bacb-46bc-ba31-c976b3be7f27,025b7636-74a7-4ab0-a281-c0a9a53c9e24
90c104da-eecb-461d-9696-f0ee421a001f,Linda,Reed,rodriguezsandra@example.net,APK7Ceht+y,3c276dba-7d42-4ba1-adaa-c33fa69fd695,247.478.6860,inactive,65,786d52d9-bacb-46bc-ba31-c976b3be7f27,43a255a3-dad8-4ed3-a966-20ffd858ce32
de2b3fed-7a44-43fe-9537-cedc66dbce74,Jennifer,Johnson,ythomas@example.com,z+zG!5trHQ,08f73402-bf3d-4c67-8b57-3bf1005ff4f8,+1-787-688-3509,active,34,3911c1a2-8af9-48ed-ae02-6bec7c14df75,f586d326-b3c1-4b11-8d5c-c76af99ae3a5
ce62f394-5802-409c-a065-9d99ed27f93a,Scott,Morales,danieloneill@example.com,#JMuyjig&7,4dd8d0ff-aa2d-4343-bad8-935a72427cdf,+1-371-727-5326x5450,suspended,76,786d52d9-bacb-46bc-ba31-c976b3be7f27,916a3a28-377b-44db-bc7f-6a3ba62f9f19
1bd91590-609b-41a2-83dc-3565dbdcdd2c,Elizabeth,Taylor,lisa05@example.net,2f1yD8Kw#Y,1f7404a5-3f51-4899-a435-805c23da681e,001-290-969-8791x670,inactive,4,7e709b77-413d-453a-9bfc-895b4620bd13,20049e03-57b0-490b-9199-52b1c1f55717
dd6a0a03-5ce0-42a2-af83-a6b15a39e632,Nancy,Smith,ydoyle@example.org,(gQi77n_18,7924b469-ff8e-4266-81be-b62d09b03475,(824)808-7703x74946,inactive,60,7e709b77-413d-453a-9bfc-895b4620bd13,20049e03-57b0-490b-9199-52b1c1f55717
f16b35df-e344-4781-9019-2e6a64993142,Christopher,Santiago,edwardsmatthew@example.net,_1knYZ*h3Q,72afee1d-ec69-4991-a867-fb633b8b210d,706.346.7637x900,inactive,41,7e709b77-413d-453a-9bfc-895b4620bd13,264d402f-08bd-4de9-8854-d5fdf9c608cc
2e58c297-adde-4792-9f64-43020fb8d9f2,Michael,Diaz,alexander17@example.com,6xXrLgAx&5,cbf93b41-dc27-49f2-a053-172a2e26e795,001-387-816-2081x3095,deleted,12,7e709b77-413d-453a-9bfc-895b4620bd13,20049e03-57b0-490b-9199-52b1c1f55717
d76cf705-8c47-4f63-80cf-d9737658ca2c,Whitney,Harris,jeremy22@example.com,le7@JPSj^8,60d165e6-8553-4b83-9ff8-62d949427c3d,+1-891-245-4768,suspended,78,7e709b77-413d-453a-9bfc-895b4620bd13,20049e03-57b0-490b-9199-52b1c1f55717
00259c72-e2d1-450e-97bd-bda7f57db830,Stephen,Riddle,laurenhickman@example.com,p6@rTcL()(,3c93c4d1-5c0a-42e3-8de9-eb0f3b52a493,472-405-9855,active,89,786d52d9-bacb-46bc-ba31-c976b3be7f27,025b7636-74a7-4ab0-a281-c0a9a53c9e24
b88066ce-25b0-4689-a89d-9d35ce82ebae,Noah,Ferguson,hwhite@example.org,G4KcAi)A#d,c72b22ef-5e7e-4b24-9286-72cca03ca4b1,(441)524-5158x90333,suspended,60,786d52d9-bacb-46bc-ba31-c976b3be7f27,be5dfaf4-ab8b-4e1e-b9bb-f9086fe1fef5
5d959e38-3278-4e57-9cda-368ad7195144,Amanda,Hart,michael06@example.net,OBuJ2rQy8^,f74a61fa-9017-4a9e-903a-fb759a3bf7c9,3347663127,inactive,47,7e709b77-413d-453a-9bfc-895b4620bd13,6ac52e89-3e16-4a78-9dc9-52802ca4fe11
dd5bb952-b494-43b5-a1f0-065cc7799c31,Laura,Smith,jill17@example.com,361DbIpd(u,a95467a8-7ed9-4525-a0f5-32cbeb360875,(402)916-1086x84287,deleted,23,3911c1a2-8af9-48ed-ae02-6bec7c14df75,d332d0ed-050a-4b22-bb52-336d1d9ae07d
e190d4a4-08a9-4d52-85df-8323f0e91b8f,Frances,Lewis,xwatkins@example.org,O9Vj7KuTz#,9a1fae6e-387f-47df-bb10-011166f567db,(569)288-3616x977,inactive,71,7e709b77-413d-453a-9bfc-895b4620bd13,264d402f-08bd-4de9-8854-d5fdf9c608cc
4c3fe22d-d0fa-48ac-b852-112b32f7c860,Diane,Jones,duane93@example.com,_vWUL!uVB5,a581dcc8-3a6a-48cc-8102-07db91214698,403.705.7257,suspended,6,3911c1a2-8af9-48ed-ae02-6bec7c14df75,d332d0ed-050a-4b22-bb52-336d1d9ae07d
d93cf6e9-3581-41bf-87a6-2df7d7774502,Hayley,Nelson,spratt@example.net,Ko)0V3Ya)X,c8de895e-6699-4177-b0b1-dc2d683cb6ab,270-854-2739x18522,suspended,75,3911c1a2-8af9-48ed-ae02-6bec7c14df75,14b46f80-e765-4db1-aa97-f4aab596f9ae
3fe63f36-e06a-485a-9e4e-ac7a3fe5aca8,Kenneth,Green,davebrown@example.com,#wb06Cy#21,8c5b4f31-e6f4-42f5-9b64-a516e1999afe,001-828-226-9644,suspended,88,786d52d9-bacb-46bc-ba31-c976b3be7f27,a4e80201-9c35-4b7b-9841-01be1744b2cf
7335af11-17a0-4f5e-a83a-0d985e5d6526,Stephanie,Willis,oliverangela@example.net,pALW4Ro8++,5b7a4a3f-eda3-4ee1-98b3-0fe84aa17093,965-668-9707,deleted,66,3911c1a2-8af9-48ed-ae02-6bec7c14df75,f586d326-b3c1-4b11-8d5c-c76af99ae3a5
62c1e6db-5b48-4bb4-9471-d6ca65a8b9a5,Mary,Anderson,pcain@example.net,5pxrv!Ha#k,3bf85e6b-191e-4ce9-8f69-76f8ec3e2712,236-380-6738x10449,active,25,7e709b77-413d-453a-9bfc-895b4620bd13,6ac52e89-3e16-4a78-9dc9-52802ca4fe11
ed6c29d4-d4f5-4a1a-b473-0672d71e8a33,Daniel,Howell,jwilson@example.org,3Z#4Ap_j6@,6bcc4fb6-3c4d-4542-821b-8e6ea3c04121,(921)290-5821,deleted,19,786d52d9-bacb-46bc-ba31-c976b3be7f27,a4e80201-9c35-4b7b-9841-01be1744b2cf
fc70321e-96d3-4959-9875-e77d735ed23b,Donald,Walker,cmiller@example.com,%9T^dm6%Sm,7470c272-e8fa-4fb7-998d-df40cf1e7d4d,001-316-958-0987,deleted,72,786d52d9-bacb-46bc-ba31-c976b3be7f27,43a255a3-dad8-4ed3-a966-20ffd858ce32
6b84b65e-af98-46e5-bc3a-621b56d1d30b,Brett,Palmer,grobinson@example.com,)@KLFUyXj9,51151d48-278f-4c55-b3ff-412b70dae13c,001-776-236-8410x29275,inactive,32,3911c1a2-8af9-48ed-ae02-6bec7c14df75,14b46f80-e765-4db1-aa97-f4aab596f9ae
588dcc18-a381-4b87-a907-49c01eb536c3,John,Holmes,colemankim@example.org,48U7t$sz)w,7e6fa686-41a5-4939-9ef4-6d76a28e87a0,502-919-1881,suspended,21,786d52d9-bacb-46bc-ba31-c976b3be7f27,a4e80201-9c35-4b7b-9841-01be1744b2cf
17486f51-906f-4756-ad1a-e03a02590c09,Savannah,Jones,gcastillo@example.com,giOEbzGd_2,cc782601-9780-4f1a-a4c9-e9e93bb2a7e1,579-521-7214,active,82,3911c1a2-8af9-48ed-ae02-6bec7c14df75,f4e26d72-5458-4337-be69-34e17f626363
74953460-ca67-45a4-8fb6-82776ca40408,Robert,Williams,russell70@example.com,+8wE#kcv1A,fd10f0ec-5d69-4347-9c19-1a91e07c39a6,001-305-825-2887x864,deleted,72,7e709b77-413d-453a-9bfc-895b4620bd13,f22bb306-8421-4f8a-8ae8-ae6048ff032d
d230a00c-153e-4288-bfba-dc4c3baffcc9,Jason,Copeland,webbtara@example.com,8i$XqTt4)h,0084b5da-e6a5-40e9-93ba-ff6afd7cfa86,001-445-722-1099x1857,active,48,3911c1a2-8af9-48ed-ae02-6bec7c14df75,f049c3d4-de78-4b15-9925-b4472cf547e1
9ead8595-0d43-45c0-926d-db62210ed0ee,Alan,Lewis,kathleen02@example.net,A9H@$j!r^V,09ffbcd1-e2ab-4884-9788-8611b2de835f,001-557-772-1658x27816,active,78,786d52d9-bacb-46bc-ba31-c976b3be7f27,43a255a3-dad8-4ed3-a966-20ffd858ce32
9a2cf2c4-5359-45e4-a4fd-8706d2f9e11f,Laura,Carrillo,johnespinoza@example.com,_I%@WFI%y4,8756412c-c34f-4778-90b9-f41c8467106e,001-306-958-5578x81590,inactive,13,786d52d9-bacb-46bc-ba31-c976b3be7f27,43a255a3-dad8-4ed3-a966-20ffd858ce32
0357a064-7343-497f-bf83-dbfdea928e8e,Ashley,Riggs,mriley@example.org,Y1^2Zdt!0),b1380a54-bd7e-460c-adfd-69c34b927d9f,(733)237-6663x8577,active,26,7e709b77-413d-453a-9bfc-895b4620bd13,9c2e85a6-0b78-4a30-bef1-9ea3961375db
6b9fe858-aa15-4c11-8569-968657ae5ba0,Pamela,Smith,lriley@example.org,+6ZBly*s94,8c9b593d-5b6c-43eb-befd-213be891cde6,+1-786-721-4068x184,deleted,59,7e709b77-413d-453a-9bfc-895b4620bd13,20049e03-57b0-490b-9199-52b1c1f55717
b81f63c3-2a90-4a4f-81fb-a05f828af58d,Natalie,Park,kathryn23@example.net,o3)Q)5FzJi,e1aca3e6-e86d-4846-93b7-39a6126e2e3e,001-364-882-1494x58361,inactive,33,786d52d9-bacb-46bc-ba31-c976b3be7f27,43a255a3-dad8-4ed3-a966-20ffd858ce32
e770688d-676c-4d45-bb7f-b6d7fa97f8ce,Gina,Morgan,karl51@example.net,1A&X*Hi9&U,97b2ee41-0603-40d3-85e4-b5920f1b8b0a,356.972.8750,deleted,64,3911c1a2-8af9-48ed-ae02-6bec7c14df75,d332d0ed-050a-4b22-bb52-336d1d9ae07d
2df6da22-610a-48c6-9bf7-205d5a8bb0d3,Sharon,Hart,peter40@example.net,%x$EWp%I34,0d802d0f-355c-421e-81c6-f7642d9d4a82,338.839.0977,deleted,61,7e709b77-413d-453a-9bfc-895b4620bd13,9c2e85a6-0b78-4a30-bef1-9ea3961375db
8541ae32-25c3-42c2-9bf2-fbb8b5203822,Kaitlyn,Alexander,davidhunt@example.org,+50W5#nfxB,c8d43783-d902-4774-a5cd-446e5000fea2,001-429-843-9079,active,15,3911c1a2-8af9-48ed-ae02-6bec7c14df75,f4e26d72-5458-4337-be69-34e17f626363
aeb0157b-3692-4d2b-8b18-8080a34df27d,Jonathan,Dunn,kellyjordan@example.net,O@0JSxcsWm,6271e821-9276-4706-8005-9f2a971cdfd8,(603)438-2466,suspended,2,3911c1a2-8af9-48ed-ae02-6bec7c14df75,f586d326-b3c1-4b11-8d5c-c76af99ae3a5
4c7d939c-f9ae-43b4-bb24-16a077077d24,David,Griffin,gwilliams@example.com,_5*rZS4EpD,3fea8f2a-66e0-4496-b06c-d96e001eb433,630-733-4165x01536,deleted,70,786d52d9-bacb-46bc-ba31-c976b3be7f27,be5dfaf4-ab8b-4e1e-b9bb-f9086fe1fef5
970f92a0-2f7d-4bf7-b7b4-ad7b9ec0ea75,Catherine,Aguilar,tammy39@example.com,)f64*QSjR1,4123043b-a9bd-481a-943c-a615ca3e3941,361-216-0875x116,deleted,41,7e709b77-413d-453a-9bfc-895b4620bd13,20049e03-57b0-490b-9199-52b1c1f55717
3815117d-acfa-48ea-b0e9-0e28f1d2c889,Austin,Thompson,greennicole@example.net,h*X$kYg2*5,4b5fe0c6-e4ef-4aa2-aa36-8d5532d896c6,001-501-387-0271x5363,active,74,3911c1a2-8af9-48ed-ae02-6bec7c14df75,14b46f80-e765-4db1-aa97-f4aab596f9ae
a0264b66-fd6a-4072-bbb1-aea75ed894c2,Dawn,Parker,psalazar@example.com,zlTg)&d3@1,fa908ef9-a702-42c7-b357-295ba24a319a,(915)265-0432,suspended,24,786d52d9-bacb-46bc-ba31-c976b3be7f27,916a3a28-377b-44db-bc7f-6a3ba62f9f19
6272ff3e-0a39-45f5-93d5-06d0e6e0d71b,Kerri,Davis,wross@example.com,rN)*0KHqP$,277b7fd1-f64c-4cd5-bfec-858c695ca943,946.263.5867,suspended,14,786d52d9-bacb-46bc-ba31-c976b3be7f27,43a255a3-dad8-4ed3-a966-20ffd858ce32
8bc7b674-21d5-48c4-93b6-773c6b34de73,Charles,Frazier,parsonsmelissa@example.com,pQ^+2CxB)T,50371a8d-0aeb-4d54-80ca-c68a94563118,238-683-3896,inactive,42,7e709b77-413d-453a-9bfc-895b4620bd13,9c2e85a6-0b78-4a30-bef1-9ea3961375db
50949311-f389-4d9d-a938-f18e8a1e1eac,Kayla,Vaughan,rodriguezpeter@example.com,)7fHOKOJxd,74baf932-0a79-4f59-8436-d294606b6526,(261)856-9059,deleted,80,786d52d9-bacb-46bc-ba31-c976b3be7f27,be5dfaf4-ab8b-4e1e-b9bb-f9086fe1fef5
22fa3d50-40ce-4034-be62-2d9770f126ba,John,Baxter,znguyen@example.net,)J9Mkh@bb6,fbd5e2a4-568b-4b4f-a76a-8c6824eba1cf,9128643652,suspended,68,3911c1a2-8af9-48ed-ae02-6bec7c14df75,f586d326-b3c1-4b11-8d5c-c76af99ae3a5
3c3cfba3-f50b-46be-8053-45e5bb23702c,Sophia,Snyder,gail55@example.net,A^+2RgN1#S,a7b4e1ba-5ef2-40ab-9a60-d0531b3aa24e,(404)556-5418,suspended,21,7e709b77-413d-453a-9bfc-895b4620bd13,9c2e85a6-0b78-4a30-bef1-9ea3961375db
573ff6eb-ac2b-497a-84a4-1ba4674fd99a,Keith,Miller,annamelendez@example.net,%FhY5PTk5c,4d9527fc-98f9-453d-a0b0-3e39c6385a88,552-221-5133x7583,suspended,60,3911c1a2-8af9-48ed-ae02-6bec7c14df75,f049c3d4-de78-4b15-9925-b4472cf547e1
32e7997f-fdee-4ae2-97e2-e4f59c2d8afb,Rachel,Thomas,khanna@example.net,6+5OpypPC*,7a88fe53-52a4-4cb9-9d6c-bda6b7cc55e2,001-838-769-1628x025,suspended,62,7e709b77-413d-453a-9bfc-895b4620bd13,9c2e85a6-0b78-4a30-bef1-9ea3961375db
797b02ca-5bd0-43c1-a334-489009b69c45,Debra,Sandoval,michaelfitzgerald@example.com,^2klBVRZt9,ce11e585-11a3-4b40-a3a6-03966637afbc,220.582.3946,suspended,74,3911c1a2-8af9-48ed-ae02-6bec7c14df75,f4e26d72-5458-4337-be69-34e17f626363
864e81a3-99de-4d20-81c6-fa126470ff62,Nathan,Schneider,johnandrews@example.org,j@3868Hw$x,79b56cd3-8ce7-449f-a406-966c7120c2c6,(528)516-4059,suspended,28,3911c1a2-8af9-48ed-ae02-6bec7c14df75,f049c3d4-de78-4b15-9925-b4472cf547e1
94eb37a8-3a0a-4843-bc62-b31e42f18190,Rebecca,Chang,robertgeorge@example.com,kPb0$4zaM%,322afabf-096e-48ef-add5-009bb067ca16,927.853.0862,active,10,7e709b77-413d-453a-9bfc-895b4620bd13,9c2e85a6-0b78-4a30-bef1-9ea3961375db
3aef0f36-ec94-4f94-a4e7-1a4bf8cadab7,Dawn,West,rclements@example.org,^9CllQ7G87,88e9a19a-7a50-4bf6-a0fe-664f6e08b3f9,+1-716-997-0728,active,56,786d52d9-bacb-46bc-ba31-c976b3be7f27,be5dfaf4-ab8b-4e1e-b9bb-f9086fe1fef5
6dc1e2eb-8f2b-4466-b052-9c301dca9a28,Ryan,Castillo,peggy22@example.org,#I8UjzoH(w,d774e793-2f62-459c-9f81-40cddde21211,456-384-6149x121,deleted,67,7e709b77-413d-453a-9bfc-895b4620bd13,20049e03-57b0-490b-9199-52b1c1f55717
da1389ad-2052-4d85-bdf3-869110fc6860,Melissa,Beck,andersonseth@example.com,!3qJBnc5C&,99af8231-da3d-46a7-a9f9-a2f8d6e2faa9,780-829-7893x75729,active,54,786d52d9-bacb-46bc-ba31-c976b3be7f27,43a255a3-dad8-4ed3-a966-20ffd858ce32
09948e7d-03bd-4cfb-bd45-e69d536c1477,Hayley,Schroeder,terri49@example.com,1f*LABo*(a,16f28f05-e0ab-4f38-a417-780f213c8b4a,713.527.8934x15804,deleted,24,3911c1a2-8af9-48ed-ae02-6bec7c14df75,14b46f80-e765-4db1-aa97-f4aab596f9ae
bdc13c60-f244-4593-a651-5106a7d8f33a,Andrew,Wood,plucas@example.net,^T5sfAKbUA,4c368d6c-8329-4e1b-92af-eb719c1c6989,976-357-0018x532,inactive,80,786d52d9-bacb-46bc-ba31-c976b3be7f27,be5dfaf4-ab8b-4e1e-b9bb-f9086fe1fef5
e707ee2c-b9e4-4110-aa7e-b1738a7da6ef,David,Conrad,richardrobertson@example.com,_L$7S@z8!v,f224451c-4a62-4ed1-bff3-25e3a28adf63,(777)260-6363x062,deleted,69,7e709b77-413d-453a-9bfc-895b4620bd13,264d402f-08bd-4de9-8854-d5fdf9c608cc
b905cf0d-cf9e-4edb-a665-f01d4315f1a1,Amy,Norton,qbooker@example.org,sC8)2SSpH),41a70970-defd-409e-9515-2e7818c29b4e,8232449257,deleted,66,3911c1a2-8af9-48ed-ae02-6bec7c14df75,f4e26d72-5458-4337-be69-34e17f626363
ac4f42c3-486d-41bc-9453-21a1fb345f57,Beth,Le,dparsons@example.org,q)w^1Qy25p,3d987481-7234-4707-b1d8-3d1cc573e2ad,+1-543-588-5982,active,43,3911c1a2-8af9-48ed-ae02-6bec7c14df75,f4e26d72-5458-4337-be69-34e17f626363
080b1217-32aa-497f-bcce-e104b47ba215,Michael,Lewis,julia19@example.net,o2O21u0f)P,16030c24-f736-4e35-90df-9e0d40bab6e5,(938)567-0195x172,suspended,62,786d52d9-bacb-46bc-ba31-c976b3be7f27,43a255a3-dad8-4ed3-a966-20ffd858ce32
3e1693a3-5a91-485b-8bf6-71e0c67f97a0,Aaron,Hunt,maxwellsarah@example.org,(CicE^9h4k,b1f5b3e1-ab6e-468b-b1ae-8c3deb5ab26d,911.439.4290x59008,active,9,3911c1a2-8af9-48ed-ae02-6bec7c14df75,f4e26d72-5458-4337-be69-34e17f626363
d441cdb6-5aea-45d9-bcbb-412e5a68d381,Katrina,Davidson,kathrynreynolds@example.net,1wP4XzXvp$,3b703b2e-7b11-4125-bbb6-5757d84e1650,001-626-273-2229x30086,inactive,60,7e709b77-413d-453a-9bfc-895b4620bd13,9c2e85a6-0b78-4a30-bef1-9ea3961375db
ad89c093-e353-4150-bcef-b2cd755f87e3,Jennifer,Smith,stevenhernandez@example.org,5hh$AyXn^7,b91b931c-e9ce-402a-86c5-9b25091238f6,(908)921-4753,deleted,73,3911c1a2-8af9-48ed-ae02-6bec7c14df75,f4e26d72-5458-4337-be69-34e17f626363
4173ad57-ec28-4356-a76e-2e7b5407e806,Janice,Mora,fostermatthew@example.org,@+6JKQZf(*,7fb4c213-34c8-4003-9b8a-a85f952ae426,780.575.3074,active,79,7e709b77-413d-453a-9bfc-895b4620bd13,20049e03-57b0-490b-9199-52b1c1f55717
35f8ec73-2813-418f-8cbf-9c812fcf3fe1,Kevin,Torres,vluna@example.net,*p9S1xSsv8,437b352b-0b62-4db7-9174-9df2cb906901,801-232-5552,active,44,786d52d9-bacb-46bc-ba31-c976b3be7f27,a4e80201-9c35-4b7b-9841-01be1744b2cf
a4f65aef-7f69-4941-b9b3-aeb21abe4c4e,Roger,Garza,williamsantonio@example.net,K$8Q7GCg3D,f89e1a30-06cd-48c6-b92d-1778093d18a9,+1-541-499-9362x49828,active,39,3911c1a2-8af9-48ed-ae02-6bec7c14df75,14b46f80-e765-4db1-aa97-f4aab596f9ae
a43b36b5-4a14-4284-af92-e158761f9810,Rodney,Miller,valerie78@example.org,_5hKnh*^8w,e0f40e15-1207-41dc-bfc2-8edcec299724,+1-204-736-3391,suspended,43,7e709b77-413d-453a-9bfc-895b4620bd13,6ac52e89-3e16-4a78-9dc9-52802ca4fe11
e1d94905-fdaa-4a57-9c0a-4590cf09d81e,Daniel,Lam,rdunn@example.org,^1W&c7zXPs,370cb521-c070-4fcf-b55f-8cb1e2e5b023,9227874034,active,61,7e709b77-413d-453a-9bfc-895b4620bd13,6ac52e89-3e16-4a78-9dc9-52802ca4fe11
6a95e6ea-c227-43d2-818a-b7f897bdc373,Mark,Johnson,egraves@example.org,*L6n+Lx7$i,5013d5ff-6676-43ac-8c79-09d93947f449,+1-528-742-3071x643,deleted,30,786d52d9-bacb-46bc-ba31-c976b3be7f27,025b7636-74a7-4ab0-a281-c0a9a53c9e24
98b6e087-1cfb-4eab-ad40-761c021b6b61,Jennifer,Downs,amber63@example.org,uw*g0Ndusc,2ac0d085-a8d8-4fa2-9511-66e72fedea01,+1-980-848-6354,suspended,13,3911c1a2-8af9-48ed-ae02-6bec7c14df75,d332d0ed-050a-4b22-bb52-336d1d9ae07d
2af80d42-9bee-47e8-a5f4-26aeb455befc,Calvin,White,alexistorres@example.net,@97@ML3gGm,1849ba7c-9926-43b5-b112-46dafc2687c0,676-901-7404x896,inactive,55,7e709b77-413d-453a-9bfc-895b4620bd13,9c2e85a6-0b78-4a30-bef1-9ea3961375db
6c9d97be-12e0-4511-8b0d-162d6d0a369d,Kayla,Mcdonald,christopher52@example.com,ZVQ6d&Te7_,f80be9ba-f0f5-4b69-8fdb-0f679e26cc0e,7677935575,suspended,35,7e709b77-413d-453a-9bfc-895b4620bd13,20049e03-57b0-490b-9199-52b1c1f55717
26b6c723-d39a-46f2-8a2f-c0f2402f0670,Wanda,Ortiz,simpsonjoshua@example.net,9g!5GNdt_t,e9573319-27b5-4ad8-8ace-bf6741d07294,645.240.2802x27690,deleted,90,3911c1a2-8af9-48ed-ae02-6bec7c14df75,14b46f80-e765-4db1-aa97-f4aab596f9ae
3ab3dc10-9de3-4f4e-a186-d8f863aa1e22,William,Wilson,laurenlove@example.com,P6sZJ!n@*v,5e2a52dc-d884-4e20-9e70-486117ba6836,001-234-536-9988x1331,deleted,1,3911c1a2-8af9-48ed-ae02-6bec7c14df75,14b46f80-e765-4db1-aa97-f4aab596f9ae
4c13999f-c013-4993-83c4-1b2d3e76f4ea,Christine,Donaldson,taguirre@example.org,2#2vw21s8W,026b1ab6-0fdd-438f-b106-c365d861d5d1,255-883-2288,inactive,50,786d52d9-bacb-46bc-ba31-c976b3be7f27,43a255a3-dad8-4ed3-a966-20ffd858ce32
94d96fc1-9598-4b87-96cf-9f59818a1a9e,Alyssa,Kelley,jennifer00@example.org,@9ookZIYt$,8cda6795-dde7-4b8f-aa03-ca7ea44c2738,(501)756-8042,active,66,786d52d9-bacb-46bc-ba31-c976b3be7f27,be5dfaf4-ab8b-4e1e-b9bb-f9086fe1fef5
2b1f458c-6f44-48b2-be89-c28ee7083ab9,Lori,Welch,patriciamelton@example.net,^7nYKQKb16,42e6e7a7-1a78-4ef2-aadc-379489acb33f,482-870-4839x1046,active,58,7e709b77-413d-453a-9bfc-895b4620bd13,20049e03-57b0-490b-9199-52b1c1f55717
2eca72c7-f200-4a5a-a0e3-65cac34f4095,Angela,Mcintyre,nicole65@example.com,IMHw45ecI$,8c8b312c-da40-44ee-9823-7853cc53be2a,(594)256-1827,deleted,20,3911c1a2-8af9-48ed-ae02-6bec7c14df75,f4e26d72-5458-4337-be69-34e17f626363
efe9c234-ab55-474f-a1a5-17340f01e9da,Donald,Pollard,christopher39@example.net,h#x^4MyqHr,da1f6bb6-f6fc-4f29-af48-1e236d0f5447,001-260-971-5507x7227,active,53,3911c1a2-8af9-48ed-ae02-6bec7c14df75,f4e26d72-5458-4337-be69-34e17f626363
1d9c2ab2-8009-4aa2-8789-a9c0d45eca8a,Nicholas,Vargas,upollard@example.com,pr8E*Tbp$6,ae026aac-7181-4207-ae42-0b24fc83147d,001-934-427-4801x839,suspended,75,3911c1a2-8af9-48ed-ae02-6bec7c14df75,f586d326-b3c1-4b11-8d5c-c76af99ae3a5
f75c54bf-419f-4713-b24c-238c77798139,Shawn,Green,davidcarrillo@example.org,2gm$1Oc+gv,ecd49da2-9670-4463-bab3-96ea40fb7c76,995.968.5433x01008,suspended,20,7e709b77-413d-453a-9bfc-895b4620bd13,264d402f-08bd-4de9-8854-d5fdf9c608cc
b1caafd4-d58b-43f2-8fca-a2954bc4ffa8,Nathaniel,Davis,paulbarron@example.com,F^0)t^Mf&&,d8e6c267-63e8-4d23-90aa-0c4073a10b6b,(310)546-0751,active,11,3911c1a2-8af9-48ed-ae02-6bec7c14df75,f049c3d4-de78-4b15-9925-b4472cf547e1
94040632-8e86-4c38-a1ad-c85e604d2c85,Debbie,Morgan,christinawilliams@example.com,itQnf9Nw_(,62537c34-9cdf-466c-b57a-99ead15649ea,916-630-5870,inactive,14,786d52d9-bacb-46bc-ba31-c976b3be7f27,a4e80201-9c35-4b7b-9841-01be1744b2cf
d687f018-7e38-4368-bc3c-8594be708615,Michelle,Craig,robinsonchristina@example.net,_B7JVu1n^$,0563d01b-82a8-4a1a-a553-1d78f2258564,+1-858-422-3734x9060,deleted,88,7e709b77-413d-453a-9bfc-895b4620bd13,6ac52e89-3e16-4a78-9dc9-52802ca4fe11
4ff655b7-0cb1-4d33-a79b-85be453528ea,Roy,Sims,david03@example.com,&zKZmOau39,4953e6bf-35c1-48a0-b1dc-bf05086a4922,722.257.0816x184,active,14,3911c1a2-8af9-48ed-ae02-6bec7c14df75,f4e26d72-5458-4337-be69-34e17f626363
47417897-6e10-4d74-807c-ca344f9093ac,Ivan,Leblanc,payneerica@example.org,sg6IUGy5X_,71d0ebd8-6c4c-4e71-b8cf-9a98edd27c2b,001-589-223-5120x9921,deleted,48,786d52d9-bacb-46bc-ba31-c976b3be7f27,a4e80201-9c35-4b7b-9841-01be1744b2cf
19ec6555-4383-44d0-ac52-e8e245989cb0,Jeremy,Adkins,michael56@example.com,SS09A7Kl2+,8eebdda0-c3fc-4813-bc1f-acb45047ec8f,+1-952-868-9486x8197,inactive,47,786d52d9-bacb-46bc-ba31-c976b3be7f27,916a3a28-377b-44db-bc7f-6a3ba62f9f19
54a29826-e846-4d5f-85fb-2a041502b2a1,Hector,Kim,alexandria46@example.net,D4Bfzns9_m,0fe55437-c804-4556-9fff-8b4a01f862e2,+1-748-993-9006x849,inactive,5,786d52d9-bacb-46bc-ba31-c976b3be7f27,916a3a28-377b-44db-bc7f-6a3ba62f9f19
8f057bfc-a0e2-4d7e-9427-f2a85f3566d4,Corey,Brown,thorntonmelanie@example.org,Dpnys7Ue$N,b6c8ca48-7b23-4434-ad82-0b6d9be0ad36,793-478-2268x77847,suspended,9,3911c1a2-8af9-48ed-ae02-6bec7c14df75,f586d326-b3c1-4b11-8d5c-c76af99ae3a5
7f0130c9-e527-4303-8602-5dd4400796f5,Michael,Blair,greenalicia@example.org,jmR*%Ga#*0,16937598-d66c-4654-92b2-56386dcc6d33,(578)756-6452,suspended,16,3911c1a2-8af9-48ed-ae02-6bec7c14df75,14b46f80-e765-4db1-aa97-f4aab596f9ae
ddcb49c5-d795-43f1-acc8-4f6f100db942,David,Thompson,halljessica@example.net,e@uf0DzJO&,100dc609-3ed9-4b08-b90f-cba77b12d186,001-706-673-2689x326,active,87,7e709b77-413d-453a-9bfc-895b4620bd13,264d402f-08bd-4de9-8854-d5fdf9c608cc
39550c9d-67f6-45df-9c95-49ac1011da0e,Richard,Hess,atownsend@example.org,j5r)qMzg(z,042d7ee2-3832-45ea-9ec8-b0756ac709c0,311-247-4870x1110,deleted,72,7e709b77-413d-453a-9bfc-895b4620bd13,9c2e85a6-0b78-4a30-bef1-9ea3961375db
69e4955e-035a-4bdf-8fd8-d8b4a4a1d7e1,Lisa,Sanchez,johnmann@example.org,(b^8YAcm8p,e864e6c2-6cf3-47aa-a841-3061b05f4084,941.636.7665x1868,active,34,3911c1a2-8af9-48ed-ae02-6bec7c14df75,f049c3d4-de78-4b15-9925-b4472cf547e1
4973480d-6755-482c-89f6-122a2865748b,Michael,Mendoza,stewartrodney@example.net,$0MhcEy6#2,f2a7e9d5-2c31-4bcb-9e8e-5724727fd974,+1-820-418-1045x56337,active,53,786d52d9-bacb-46bc-ba31-c976b3be7f27,025b7636-74a7-4ab0-a281-c0a9a53c9e24
f21655ba-893b-4dfe-a198-0e837174763f,Bruce,Hunter,nthompson@example.net,wA$bMWbg%6,59fc14f2-2337-4ddc-8867-2490df72855a,322-485-6514,active,49,786d52d9-bacb-46bc-ba31-c976b3be7f27,43a255a3-dad8-4ed3-a966-20ffd858ce32
8a1dd9c2-1293-4775-9215-9750079c8fd6,Julie,Martin,desireesmith@example.net,Fg4IOA8Dg*,7038c4ac-39e2-45ba-b832-11fa2a00f264,+1-289-611-5763x7291,inactive,16,3911c1a2-8af9-48ed-ae02-6bec7c14df75,f4e26d72-5458-4337-be69-34e17f626363
37048136-4703-43ee-a904-35f5be55fcf0,Jeffrey,Harris,cindyunderwood@example.org,$MIP#RKw^7,da827d57-9578-4fad-ab93-d26b257ae6b2,9979739339,suspended,48,786d52d9-bacb-46bc-ba31-c976b3be7f27,be5dfaf4-ab8b-4e1e-b9bb-f9086fe1fef5
4dfabe87-8e4d-406d-9a06-bd046c9f9403,Mark,Welch,sbennett@example.net,nAsZ2FYdf&,5634c486-a1c6-4429-a3f0-27509113edd7,7075456503,active,40,7e709b77-413d-453a-9bfc-895b4620bd13,f22bb306-8421-4f8a-8ae8-ae6048ff032d
b9530a17-7ca1-486a-9803-7ca703be5f46,Debbie,Mcconnell,rperez@example.net,_4ctJ7!bU@,28a3da33-25d1-44e9-8529-f295484dd6ad,001-585-504-4720x091,active,68,786d52d9-bacb-46bc-ba31-c976b3be7f27,025b7636-74a7-4ab0-a281-c0a9a53c9e24
2e89bc17-be40-4f0b-afba-25a9e49bbdd4,Debbie,Hall,derekpowell@example.org,L*m$0%Es$f,7dbeac96-323b-4b7d-ae34-ba02d1c6f700,779.835.1639x596,inactive,53,7e709b77-413d-453a-9bfc-895b4620bd13,6ac52e89-3e16-4a78-9dc9-52802ca4fe11
20a36b3f-58eb-4a9a-8669-853948314074,Brian,Dillon,julian77@example.org,cyCE9TwRn(,a5a9574c-2dd0-4352-813a-452c7b9f5d98,(928)433-0610,inactive,4,3911c1a2-8af9-48ed-ae02-6bec7c14df75,f4e26d72-5458-4337-be69-34e17f626363
ab44525f-d26d-40e0-92f8-ad32472aa680,Rebecca,Hicks,tanya89@example.com,$31S_NnrqR,d92511a7-640d-43b3-85cf-39a8bbaee6a6,001-543-524-8828,inactive,1,3911c1a2-8af9-48ed-ae02-6bec7c14df75,14b46f80-e765-4db1-aa97-f4aab596f9ae
c66db86d-268f-4d28-b24a-f0c3c0232931,Tina,Taylor,sandrabrooks@example.org,%pJ57QqA_4,93c7e055-84fe-425e-acbf-225d0292e461,881.540.5163x3439,suspended,50,786d52d9-bacb-46bc-ba31-c976b3be7f27,be5dfaf4-ab8b-4e1e-b9bb-f9086fe1fef5
321532ce-3f48-412d-b355-2d1c333dbe53,Samuel,Aguilar,sharonpowell@example.com,34VSgAtn)P,e7d0483b-ef52-4d96-b7c8-9827a59270ff,(970)783-2887,inactive,43,786d52d9-bacb-46bc-ba31-c976b3be7f27,916a3a28-377b-44db-bc7f-6a3ba62f9f19
4468c2af-2724-4800-80ff-4b71fcbc1eed,Andrea,Burton,johnthomas@example.org,+gCHANlOq5,79fe108b-abd9-42e8-80a8-67706f2ace2d,+1-953-377-3938,suspended,15,3911c1a2-8af9-48ed-ae02-6bec7c14df75,d332d0ed-050a-4b22-bb52-336d1d9ae07d
6fdfbac0-5f4c-4231-9a07-f96f046f38d9,Alexis,Wright,leah94@example.org,mHHsh2h6S+,5bc44543-b938-480f-9574-0b21e3e3bc66,609-224-9364x3596,inactive,58,7e709b77-413d-453a-9bfc-895b4620bd13,20049e03-57b0-490b-9199-52b1c1f55717
cf686406-2a55-4abd-bcb8-0206a6f015b8,Daniel,King,jamiekelly@example.com,fy!qX4YdKe,b6da3137-5158-40fc-93b9-409c50d050ce,+1-663-422-8662x539,inactive,9,786d52d9-bacb-46bc-ba31-c976b3be7f27,a4e80201-9c35-4b7b-9841-01be1744b2cf
10e8dd0b-3302-490a-9505-3e92fc99df88,Adam,Robinson,vmeyers@example.org,YU*9IdW+M_,517a2750-9ce0-4083-b5a4-9d3380aaabd3,913-544-0380,deleted,14,3911c1a2-8af9-48ed-ae02-6bec7c14df75,f586d326-b3c1-4b11-8d5c-c76af99ae3a5
e11382c1-d499-4755-9312-377ccc55f393,David,Brown,schwartzcaitlin@example.com,Id6IA4uq3!,ff8011b9-4d8d-498a-b7e1-3efcc24dc87c,387-541-0656x37516,active,59,3911c1a2-8af9-48ed-ae02-6bec7c14df75,d332d0ed-050a-4b22-bb52-336d1d9ae07d
75c65cbf-4dae-4cf4-a97e-40adda59ccff,Chris,Coleman,yfox@example.net,Rn)U+7IpA$,38bf4d73-0f13-43d4-8475-565f6c73268c,569-771-1368,inactive,36,7e709b77-413d-453a-9bfc-895b4620bd13,9c2e85a6-0b78-4a30-bef1-9ea3961375db
7f720907-e47b-4c69-9daf-3fffa5e51217,Joshua,Hill,keychristina@example.org,$v_6uUh)7#,20604e4d-ac91-4d4d-a782-f028f32127c8,001-784-418-1531x96351,deleted,41,3911c1a2-8af9-48ed-ae02-6bec7c14df75,14b46f80-e765-4db1-aa97-f4aab596f9ae
bb84c273-19d5-4e60-ad04-a31fd4cb29ec,Kevin,Kim,trujillosherry@example.net,@8lUWmomHK,543872b1-3dc1-49d2-b926-f2a1d3c4817f,001-405-738-2034,active,63,786d52d9-bacb-46bc-ba31-c976b3be7f27,025b7636-74a7-4ab0-a281-c0a9a53c9e24
d95d26ed-7f2b-4020-ad98-32e1f9118a00,Madeline,Vargas,nicholas97@example.com,dtL3j)CoP&,0fec097d-9e09-4d22-bcfc-72ff58d19fa4,(227)254-4317,deleted,24,786d52d9-bacb-46bc-ba31-c976b3be7f27,a4e80201-9c35-4b7b-9841-01be1744b2cf
